Fold,V1,V2,V3,V4,V5,V6,V7,V8,V9,V10,V11,V12,V13,V14,V15,V16,V17,V18,V19,V20
Fold1,14,2,18,34,11,16,8,31,19,29,13,15,15,14,14,24,20,27,2,6
Fold1,23,3,9,6,31,39,1,38,11,51,16,6,14,10,14,27,18,31,7,11
Fold1,15,1,11,11,9,10,6,17,9,20,6,8,9,8,18,12,10,8,3,6
Fold1,31,0,27,24,13,23,14,21,49,31,9,24,14,17,15,16,25,40,4,14
Fold1,41,0,11,12,36,43,6,54,17,64,18,20,21,14,18,33,29,34,10,16
Fold1,31,0,37,12,14,26,8,49,91,47,1,53,11,18,14,53,45,41,1,32
Fold1,45,4,59,57,25,60,12,62,61,63,18,40,32,35,39,38,39,44,0,19
Fold1,31,0,19,32,16,23,2,33,42,49,5,32,16,47,6,48,35,21,0,17
Fold1,44,3,7,10,31,45,15,42,8,86,15,6,14,16,22,46,25,41,17,12
Fold1,54,1,35,73,25,23,4,34,58,46,12,42,57,16,27,61,44,23,2,2
Fold1,9,2,4,5,15,6,9,31,16,29,3,8,7,7,7,8,9,11,0,8
Fold1,37,2,29,24,41,34,11,65,56,70,9,16,21,22,21,34,29,43,9,30
Fold1,40,0,33,45,23,45,5,34,49,46,10,17,20,22,46,22,28,30,0,9
Fold1,54,3,12,11,29,49,7,38,6,58,13,9,16,16,21,46,25,59,12,17
Fold1,80,3,51,49,27,80,15,36,36,60,17,19,68,34,49,39,42,53,8,21
Fold1,31,1,18,18,3,21,4,22,34,20,12,11,9,9,3,22,19,16,8,12
Fold1,85,3,21,22,27,71,4,23,9,83,15,4,30,17,33,28,33,57,9,4
Fold1,34,2,10,5,26,22,4,27,18,30,20,7,14,2,11,20,24,22,7,15
Fold1,167,0,172,129,65,199,34,93,232,127,20,172,72,72,52,189,217,134,36,152
Fold1,18,0,4,10,24,17,2,29,16,43,10,10,14,11,6,23,21,23,5,11
Fold1,54,0,17,10,31,45,7,53,22,64,21,6,15,4,16,38,27,35,9,18
Fold1,45,1,28,87,13,20,15,43,51,66,9,19,8,28,26,34,17,28,4,20
Fold1,39,0,41,26,14,13,1,10,13,15,10,35,40,41,18,18,25,17,2,45
Fold1,7,2,15,16,8,6,6,11,11,21,5,3,1,17,17,11,14,13,3,7
Fold1,10,1,6,11,5,8,8,5,10,9,3,4,8,5,6,5,8,8,1,7
Fold1,13,2,14,12,4,12,3,12,11,6,4,2,6,4,7,9,11,8,2,5
Fold1,27,4,37,64,45,31,11,50,78,68,21,40,33,20,41,47,40,37,7,45
Fold1,23,1,22,45,37,30,13,67,58,73,19,26,14,27,15,50,25,32,7,30
Fold1,4,1,2,12,4,11,2,9,11,8,2,5,4,4,5,7,9,13,0,3
Fold1,23,5,21,21,29,20,5,45,31,37,9,18,12,11,13,31,21,25,11,24
Fold1,29,4,18,39,16,23,11,44,44,55,11,28,10,14,15,22,31,21,2,22
Fold1,12,2,6,6,14,20,8,19,11,30,8,1,9,3,12,16,12,17,6,11
Fold1,41,4,15,20,66,56,14,59,24,59,38,26,27,9,17,41,41,42,22,28
Fold1,67,3,26,20,20,35,7,18,10,39,9,7,23,11,31,19,27,55,7,9
Fold1,41,5,12,13,41,39,5,43,18,42,15,19,21,8,17,24,18,30,13,20
Fold1,47,1,21,22,29,51,17,49,11,62,21,22,28,13,27,20,24,43,11,20
Fold1,38,2,8,10,40,35,8,47,20,45,16,11,11,7,10,33,21,28,2,8
Fold1,63,2,26,39,48,71,11,62,32,72,22,26,38,27,21,33,31,58,4,13
Fold1,59,0,40,46,29,58,6,44,51,53,23,40,30,38,27,56,66,52,6,26
Fold1,33,0,7,5,17,31,4,19,11,33,11,14,12,10,4,19,16,25,9,9
Fold1,34,9,17,26,11,27,6,28,24,25,7,15,13,9,14,25,9,29,3,12
Fold1,44,5,32,42,16,47,9,35,28,46,13,25,20,18,17,37,25,47,2,11
Fold1,25,1,8,4,25,19,2,24,13,41,12,16,8,8,8,15,16,17,5,13
Fold1,30,2,14,5,5,20,3,11,12,19,3,12,17,13,8,16,21,20,3,2
Fold1,30,3,20,13,3,23,2,3,11,7,1,5,18,3,14,16,15,27,1,10
Fold1,24,6,19,18,23,17,7,40,23,55,6,23,14,13,20,28,25,32,4,22
Fold1,46,4,10,7,37,46,6,63,21,61,10,17,24,12,10,45,26,35,17,23
Fold1,36,3,23,30,15,33,3,15,51,47,18,21,14,10,19,19,31,35,8,21
Fold1,10,4,15,12,13,12,2,13,20,17,3,10,10,9,1,13,9,12,2,6
Fold1,18,1,6,7,31,29,7,44,13,41,11,11,10,9,3,20,20,30,5,5
Fold1,41,5,10,10,24,32,5,42,14,49,12,9,18,14,24,35,12,23,7,8
Fold1,26,5,18,26,17,19,4,16,37,38,8,16,16,6,12,21,22,31,7,11
Fold1,42,1,6,18,44,43,15,52,24,63,11,17,21,15,8,27,27,46,8,15
Fold1,24,0,10,12,3,20,3,7,25,26,2,20,11,17,9,26,22,20,4,13
Fold1,29,0,13,17,29,36,5,64,22,65,10,29,25,19,22,38,26,32,2,15
Fold1,26,0,23,25,35,32,20,39,33,56,12,20,14,16,27,39,22,35,7,22
Fold1,19,1,3,4,9,9,0,10,2,11,4,2,6,2,6,9,6,14,3,8
Fold1,31,3,11,6,7,33,11,8,7,17,3,7,19,5,4,21,28,15,1,3
Fold1,53,2,25,57,39,37,12,56,48,81,19,23,23,31,19,35,29,39,10,26
Fold1,47,5,31,28,63,43,17,91,48,113,20,36,20,13,33,63,41,61,14,54
Fold1,30,1,22,30,15,11,6,31,36,24,7,10,20,24,9,33,26,20,3,10
Fold1,11,1,6,3,7,13,2,21,7,18,7,6,2,9,5,5,6,13,3,9
Fold1,29,4,38,44,63,35,18,77,52,105,21,33,19,30,32,54,33,46,4,32
Fold1,10,1,9,9,7,4,4,10,9,7,4,4,6,5,3,13,10,9,3,5
Fold1,16,2,6,9,0,16,1,6,5,4,1,4,2,3,0,5,6,4,1,1
Fold1,56,1,22,18,15,16,3,15,31,19,9,11,15,10,5,15,26,22,6,12
Fold1,33,0,26,37,13,33,6,23,48,46,26,14,15,25,20,19,22,37,0,3
Fold1,13,2,7,4,24,7,4,14,7,28,10,5,5,3,5,7,6,15,0,6
Fold1,50,16,58,87,58,36,27,72,68,109,27,61,34,42,58,77,52,39,9,50
Fold1,41,3,14,1,3,16,3,10,7,19,7,11,17,10,3,15,21,15,0,4
Fold1,28,5,12,22,24,20,12,45,26,59,13,16,17,15,6,39,23,28,3,16
Fold1,14,4,27,16,35,21,5,49,36,47,10,23,9,13,22,34,27,27,4,26
Fold1,4,1,0,3,8,8,2,20,4,12,2,3,3,2,0,12,9,9,1,4
Fold1,26,2,21,24,10,19,3,27,41,23,6,14,12,5,3,26,14,17,4,13
Fold1,52,5,30,30,32,34,24,71,43,94,14,37,20,40,22,45,52,44,7,28
Fold1,23,2,4,9,17,14,6,23,21,34,15,9,13,19,3,20,11,20,2,10
Fold1,38,4,14,15,7,33,3,14,13,24,7,11,12,12,16,17,14,18,2,9
Fold1,13,4,5,0,0,13,1,2,1,19,1,1,10,3,9,2,6,7,3,0
Fold1,27,2,6,10,19,16,8,27,4,27,7,8,10,7,6,13,20,23,6,5
Fold1,36,3,20,26,20,31,5,19,14,24,10,16,20,15,15,19,20,27,10,9
Fold1,88,7,70,83,48,87,33,70,77,88,31,61,72,44,59,85,71,69,37,48
Fold1,26,1,5,10,15,24,2,28,8,39,13,12,16,7,14,27,24,29,4,5
Fold1,52,1,11,14,39,49,5,52,20,36,12,19,12,16,11,23,24,45,8,16
Fold1,61,0,28,55,18,44,7,56,53,46,20,31,8,42,16,73,44,43,4,13
Fold1,15,4,6,3,27,25,4,22,10,36,10,4,10,3,7,14,12,13,3,7
Fold1,12,0,3,6,10,12,11,11,3,12,5,5,3,3,0,10,5,7,4,2
Fold1,37,1,3,18,33,41,1,43,18,47,13,19,7,10,8,25,13,39,3,14
Fold1,42,3,10,10,32,45,2,45,17,47,16,14,14,12,7,29,28,52,1,12
Fold1,12,0,8,5,8,17,1,13,5,17,1,7,7,6,8,7,13,14,0,2
Fold1,25,0,3,6,8,24,2,27,7,31,11,7,6,6,10,11,15,19,2,9
Fold1,2,1,1,4,9,4,0,15,5,8,5,4,2,4,5,7,7,10,2,6
Fold1,86,4,8,3,17,41,2,7,3,63,7,4,23,3,16,16,37,42,7,3
Fold1,22,3,22,18,4,20,4,26,17,23,10,13,9,10,15,11,11,25,0,5
Fold1,8,5,4,14,4,3,2,5,5,14,7,0,3,2,5,3,3,4,1,5
Fold1,58,2,34,24,18,44,2,53,68,55,7,39,25,22,18,84,63,44,8,37
Fold1,43,2,10,8,27,37,2,30,12,37,10,10,16,5,9,19,24,24,2,3
Fold1,10,4,3,5,6,12,1,8,9,18,4,8,6,1,7,5,7,8,4,2
Fold1,15,1,3,7,29,13,1,13,8,32,8,3,4,6,7,15,6,16,6,5
Fold1,8,3,8,11,10,15,3,11,16,14,6,10,8,3,5,10,11,18,2,7
Fold1,28,0,26,40,22,35,12,25,24,45,10,18,16,14,20,31,26,24,6,29
Fold1,33,10,13,6,32,44,9,28,13,54,12,6,21,13,30,33,18,31,6,9
Fold1,56,2,17,44,27,37,11,34,27,60,8,18,12,23,23,34,20,29,7,18
Fold1,95,3,25,12,28,54,7,25,10,85,16,5,39,21,45,33,43,55,18,24
Fold1,27,3,40,41,20,28,9,58,44,51,19,34,11,25,28,44,45,37,2,17
Fold1,46,7,7,11,31,43,3,55,20,59,15,15,18,9,15,31,37,36,6,10
Fold1,29,0,10,5,16,24,0,37,9,31,10,6,14,9,10,12,22,29,5,4
Fold1,36,6,36,33,35,30,16,27,25,44,10,31,33,37,30,44,36,40,17,25
Fold1,61,6,29,18,16,34,10,18,6,54,10,10,37,19,49,24,37,36,5,10
Fold1,14,4,31,26,42,30,10,95,55,75,19,66,15,32,19,60,24,38,4,32
Fold1,40,11,25,22,37,43,21,66,33,102,11,17,33,34,31,48,42,46,9,27
Fold1,46,3,28,39,21,47,8,28,35,42,11,14,28,20,17,30,26,32,10,15
Fold1,285,23,133,127,57,202,54,71,26,212,39,38,111,74,148,125,141,176,30,39
Fold1,27,2,6,16,30,31,5,42,16,64,9,13,10,9,3,35,13,38,3,11
Fold1,32,1,10,16,28,40,3,56,26,42,15,13,15,17,4,24,23,42,2,12
Fold1,50,5,7,10,39,41,6,39,18,71,16,7,19,7,8,31,29,25,4,14
Fold1,290,6,102,75,20,138,36,57,14,169,23,24,102,51,123,85,110,172,20,8
Fold1,40,5,22,29,12,36,11,23,15,38,12,14,23,11,22,18,27,24,9,17
Fold1,16,1,2,2,11,14,3,23,6,24,5,3,9,2,5,9,10,17,0,4
Fold1,39,13,24,27,19,38,9,26,32,22,16,16,24,11,19,25,29,29,10,17
Fold1,35,0,10,25,13,19,4,22,19,32,9,6,8,10,8,13,12,20,2,3
Fold1,30,3,27,17,9,30,1,22,34,32,2,27,7,8,2,30,43,25,2,11
Fold1,21,1,27,26,31,20,6,26,50,27,3,40,13,13,4,23,28,25,8,11
Fold1,18,2,15,18,12,24,4,28,31,29,4,23,14,8,6,30,20,16,3,13
Fold1,71,1,53,42,24,36,6,20,69,51,8,35,21,28,12,55,45,43,10,33
Fold1,23,1,15,9,28,20,2,28,16,41,13,8,11,8,13,17,18,22,10,15
Fold1,22,0,4,9,4,14,5,3,2,24,4,1,5,2,17,6,12,16,5,5
Fold1,83,6,45,53,34,63,9,74,64,67,19,32,22,23,22,43,46,78,5,16
Fold1,17,5,52,75,60,30,17,111,94,101,14,106,28,24,31,78,37,35,10,61
Fold1,9,0,16,7,11,13,3,11,19,12,7,14,7,3,10,7,7,19,1,8
Fold1,37,7,25,26,17,21,12,20,7,39,9,9,33,16,26,28,26,36,3,3
Fold1,37,5,6,19,30,46,3,56,19,52,20,14,15,9,14,35,26,37,9,12
Fold1,70,1,54,44,37,48,10,89,74,89,19,57,27,51,11,76,53,57,10,24
Fold1,27,3,7,10,28,21,8,19,10,31,10,7,14,7,7,12,15,28,6,11
Fold1,5,1,3,11,6,7,2,9,8,14,2,4,1,9,9,7,8,10,1,7
Fold1,17,0,14,29,10,12,5,17,34,23,6,15,10,5,8,21,11,17,2,5
Fold1,37,2,16,11,25,48,6,50,19,69,16,13,14,4,8,34,26,46,8,16
Fold1,42,5,13,11,36,46,4,37,21,50,11,11,18,12,11,39,24,38,12,14
Fold1,16,0,3,9,22,18,6,9,9,27,10,6,5,3,3,12,20,15,5,9
Fold1,47,0,48,43,22,46,10,27,36,68,13,31,20,16,31,50,35,45,3,17
Fold1,12,2,13,10,8,13,5,12,14,15,4,9,6,7,5,7,5,8,5,7
Fold1,49,1,7,10,23,49,9,53,18,57,22,16,12,4,10,27,19,41,1,14
Fold1,16,1,6,8,20,17,8,15,9,29,9,5,7,3,6,18,3,21,5,12
Fold1,67,1,17,31,37,61,8,50,14,62,16,22,18,15,25,41,37,46,18,9
Fold1,53,3,52,44,16,53,10,50,58,53,14,47,26,17,20,53,34,39,14,46
Fold1,14,4,7,10,28,21,10,57,13,51,9,8,16,10,10,23,14,30,7,13
Fold1,36,1,10,17,6,12,1,13,29,13,1,13,8,6,2,11,28,30,0,5
Fold1,10,0,2,1,9,2,2,10,3,12,5,2,5,0,3,6,3,6,2,4
Fold1,51,0,41,36,6,31,23,18,46,11,5,58,13,45,16,44,24,12,0,6
Fold1,57,5,44,41,22,61,10,24,21,57,16,10,41,23,49,24,26,43,25,32
Fold1,5,0,5,20,8,2,3,7,22,12,11,9,0,16,4,9,2,6,0,6
Fold1,36,0,14,5,35,31,4,57,20,47,14,23,24,13,8,25,29,24,10,16
Fold1,25,6,17,24,9,19,13,28,24,38,9,17,10,14,24,20,23,21,1,14
Fold1,27,1,6,6,14,41,3,36,12,51,10,11,10,8,11,17,21,29,1,7
Fold1,22,2,18,17,15,25,10,18,9,25,7,12,16,6,14,14,15,21,8,12
Fold1,26,2,8,8,26,19,5,28,14,37,10,11,15,9,8,14,20,22,4,9
Fold1,17,5,4,10,47,40,7,62,22,55,18,21,12,4,7,46,26,38,5,13
Fold1,21,0,7,21,4,21,2,19,17,8,3,11,5,13,4,12,15,18,1,3
Fold1,36,4,32,30,17,42,9,35,25,40,15,15,22,24,23,19,29,39,1,9
Fold1,43,5,9,6,12,18,8,19,8,36,10,5,19,7,24,17,14,26,8,6
Fold1,36,5,23,38,19,27,8,52,26,27,15,23,18,16,31,21,23,33,6,17
Fold1,69,0,84,57,30,76,4,34,92,47,14,55,32,44,22,80,74,60,6,34
Fold1,49,1,9,12,28,50,5,56,17,64,15,13,16,6,5,28,26,39,4,5
Fold1,24,4,5,9,41,27,5,40,19,52,13,8,12,13,9,18,24,25,6,14
Fold1,40,1,8,3,8,53,1,8,6,22,2,5,35,27,2,22,14,20,2,19
Fold1,13,2,3,2,7,5,2,6,2,13,8,6,1,1,5,4,5,12,0,2
Fold1,50,0,8,13,28,36,4,23,10,50,14,7,27,10,17,25,26,35,15,12
Fold1,21,1,8,10,25,10,4,21,9,39,11,2,11,2,13,13,13,19,3,10
Fold1,7,2,7,9,4,10,6,13,7,10,6,3,2,9,4,10,5,8,1,4
Fold1,34,4,7,7,32,37,5,35,18,47,19,12,19,12,11,35,23,32,5,16
Fold1,40,7,32,13,26,47,13,21,11,44,12,29,58,13,24,26,38,42,11,14
Fold1,42,2,6,18,33,37,5,50,19,48,15,14,20,10,12,39,26,49,10,14
Fold1,37,3,7,16,33,40,7,46,21,62,20,9,8,7,16,31,38,35,4,11
Fold1,16,2,16,19,11,9,5,16,15,31,8,6,5,6,8,12,19,18,5,21
Fold1,57,0,17,15,32,62,11,30,9,47,19,13,16,3,13,27,20,38,12,11
Fold2,59,1,19,11,11,35,3,35,38,37,8,37,17,16,17,54,39,35,0,24
Fold2,73,1,23,42,5,25,2,19,34,28,4,33,19,47,13,64,46,25,4,9
Fold2,118,1,167,72,66,147,22,139,102,100,30,176,63,58,44,144,147,126,36,103
Fold2,109,0,80,55,37,67,4,40,99,52,6,63,43,17,4,55,112,129,3,29
Fold2,146,0,84,64,41,71,5,54,112,81,4,76,29,31,22,72,157,133,4,42
Fold2,13,1,6,7,4,15,6,8,4,12,7,21,3,9,10,11,11,9,4,13
Fold2,67,0,24,6,9,43,2,6,38,25,5,21,6,10,8,43,83,35,4,30
Fold2,101,9,56,32,20,58,22,35,23,54,21,18,41,21,61,71,67,65,23,15
Fold2,127,1,179,282,50,162,7,154,102,86,34,69,322,27,39,174,292,119,17,70
Fold2,65,0,20,8,9,23,3,16,38,16,2,52,9,8,8,35,54,55,0,23
Fold2,76,0,135,78,42,71,6,48,115,67,19,57,21,18,31,50,72,105,10,32
Fold2,81,7,32,15,18,54,3,31,28,32,7,42,13,23,12,51,43,38,5,13
Fold2,23,0,21,19,10,12,5,20,33,23,3,9,7,12,8,26,15,19,5,12
Fold2,92,2,70,55,19,58,21,35,68,54,13,67,52,23,18,99,92,85,12,34
Fold2,10,0,13,13,9,9,2,6,8,10,4,1,9,4,12,9,11,11,0,3
Fold2,104,1,55,55,22,65,6,36,114,64,19,46,29,30,18,71,50,70,4,35
Fold2,12,0,5,11,3,6,3,8,13,16,2,9,6,12,3,6,4,8,1,7
Fold2,56,1,22,18,15,16,3,15,31,19,9,11,15,10,5,15,26,22,6,12
Fold3,25,10,43,36,52,28,16,81,78,91,11,79,24,40,14,57,47,50,5,19
Fold3,31,6,36,42,19,37,12,21,26,34,14,18,29,12,37,24,25,38,11,18
Fold3,9,1,10,17,1,7,1,20,10,7,3,7,7,7,7,8,9,19,2,4
Fold3,29,2,13,28,4,16,4,10,20,16,8,5,16,9,19,10,9,16,1,6
Fold3,60,2,55,45,24,44,15,40,55,68,20,28,31,20,21,29,40,43,12,31
Fold3,68,3,53,65,21,55,17,43,37,63,22,39,28,23,46,34,42,51,10,19
Fold3,84,18,29,41,13,53,14,52,43,57,19,34,26,13,23,22,32,50,5,8
Fold3,44,0,42,21,17,41,6,43,35,32,16,29,22,18,18,33,30,54,1,10
Fold3,136,0,47,73,26,177,7,38,37,58,21,31,102,35,94,39,41,74,0,10
Fold3,27,3,9,30,9,15,1,17,22,14,8,8,5,6,15,2,7,17,0,2
Fold3,66,2,40,26,16,41,15,14,14,40,11,10,23,17,33,29,27,35,11,17
Fold3,26,10,38,54,30,29,17,41,42,38,11,35,30,7,33,30,28,26,6,21
Fold3,26,2,28,33,31,25,14,23,43,32,7,32,13,10,17,14,15,25,2,28
Fold3,49,0,35,59,34,24,22,21,34,61,12,34,11,27,20,37,38,37,5,41
Fold3,9,0,4,9,2,9,2,6,7,7,4,3,1,3,1,6,6,8,0,1
Fold3,42,2,19,24,6,24,10,18,17,38,8,6,11,11,18,12,11,12,0,8
Fold3,22,6,54,39,34,15,12,83,80,116,5,100,9,35,11,57,44,37,2,33
Fold3,7,0,15,11,4,7,9,17,14,13,3,5,4,5,3,6,7,16,0,4
Fold3,31,12,58,78,53,44,14,81,114,91,7,80,17,18,27,65,44,52,8,36
Fold3,101,2,55,41,17,45,16,27,32,47,17,32,22,17,31,24,20,46,7,21
Fold3,61,0,46,57,39,24,10,34,55,59,12,33,25,20,17,42,32,26,13,22
Fold3,22,2,13,12,7,14,7,21,10,12,5,5,16,10,13,9,17,12,2,6
Fold3,12,0,5,16,4,13,3,10,5,12,3,1,8,3,12,7,7,12,1,3
Fold3,25,7,22,12,14,38,7,32,21,23,2,24,6,9,5,17,23,27,2,12
Fold3,4,1,11,12,5,7,5,12,15,12,2,3,2,6,4,3,7,9,3,6
Fold3,36,1,13,12,4,26,2,7,5,27,1,2,7,1,24,11,10,28,2,4
Fold3,61,1,27,20,14,42,13,16,13,46,9,12,23,11,28,21,20,39,2,8
Fold3,60,5,26,42,12,42,8,24,20,47,4,10,18,14,29,24,24,37,6,14
Fold3,7,1,12,15,10,17,4,14,14,13,12,13,5,6,11,6,8,16,0,6
Fold3,25,1,9,15,7,9,4,11,15,21,4,10,6,13,4,16,10,12,3,7
Fold3,10,2,13,18,9,11,2,14,11,13,3,6,10,5,8,4,8,9,1,8
Fold3,33,1,5,16,6,18,4,7,1,24,3,4,13,7,9,15,13,19,4,1
Fold3,61,6,30,18,12,38,1,16,13,27,12,21,10,12,12,25,33,35,2,4
Fold3,13,0,8,13,9,20,4,7,6,13,3,8,12,5,10,6,18,14,2,4
Fold3,18,3,25,18,17,38,10,26,24,25,7,13,20,7,18,20,13,16,8,23
Fold3,32,6,18,45,38,24,10,36,48,56,10,36,19,27,16,19,30,20,4,12
Fold3,53,0,20,38,11,23,4,17,34,26,12,18,6,11,8,10,16,32,1,8
Fold3,18,7,14,20,7,24,4,15,19,30,13,8,9,8,7,15,15,19,1,9
Fold3,56,8,44,46,27,56,11,26,30,48,16,21,41,12,30,26,38,36,20,13
Fold3,12,1,8,15,8,9,5,11,8,18,5,7,5,8,3,9,4,8,0,2
Fold3,5,1,7,14,2,7,3,5,15,30,6,4,4,9,5,9,11,3,1,6
Fold3,36,3,12,18,7,23,5,18,13,18,8,10,9,5,11,23,14,21,3,4
Fold3,27,6,18,23,12,23,8,13,7,28,8,13,18,23,19,9,16,21,7,20
Fold3,9,1,16,18,13,1,11,27,29,27,8,12,4,17,9,13,12,13,0,10
Fold3,20,2,7,14,12,19,3,15,11,15,3,3,11,10,6,15,11,16,1,2
Fold3,14,2,23,18,12,16,8,36,39,39,10,26,9,17,8,23,18,18,1,13
Fold3,50,3,24,35,14,29,11,27,34,42,18,30,19,18,14,26,28,29,4,7
Fold3,23,3,13,14,7,22,3,18,15,15,10,10,21,7,8,10,13,24,1,4
Fold3,13,0,11,9,6,6,4,15,11,12,6,6,5,6,11,14,8,18,1,1
Fold3,45,6,27,24,12,47,4,16,16,53,7,7,21,10,21,30,21,42,1,6
Fold3,6,0,5,16,4,4,2,7,9,7,3,5,6,2,4,6,5,7,3,3
Fold3,33,8,20,25,10,36,6,18,14,19,10,10,28,12,18,16,25,20,12,12
Fold3,1,1,8,4,4,4,7,15,4,10,2,7,1,10,4,8,9,3,1,6
Fold3,96,7,95,55,36,73,20,41,29,100,17,25,64,31,82,42,60,94,29,45
Fold3,12,7,37,54,21,26,9,52,40,38,10,33,11,8,18,18,25,16,3,41
Fold3,5,0,8,9,7,5,3,8,12,6,4,4,1,3,4,6,10,6,2,4
Fold3,133,6,62,62,26,90,20,35,19,82,16,27,36,31,62,54,70,101,14,21
Fold3,56,5,22,23,10,46,6,20,21,32,14,13,14,13,20,19,14,36,4,5
Fold3,11,1,16,26,20,8,11,21,25,44,6,22,7,9,9,26,8,10,0,11
Fold3,21,3,16,17,7,27,3,19,13,16,6,12,9,11,16,15,15,35,3,10
Fold3,54,6,29,17,7,39,13,14,12,30,6,9,15,9,22,13,18,38,2,11
Fold3,40,0,23,19,7,21,11,16,9,22,3,8,16,9,13,10,13,25,6,7
Fold3,23,2,19,23,18,21,3,29,24,23,9,16,5,10,8,10,15,18,0,12
Fold3,13,6,8,21,9,11,2,22,29,15,3,14,3,4,4,18,12,21,0,5
Fold3,1,0,4,7,3,5,3,8,14,7,5,5,2,3,3,4,6,6,0,4
Fold3,45,0,15,23,9,36,6,16,8,14,6,1,10,14,21,20,8,17,4,3
Fold3,20,3,29,29,27,19,9,29,27,41,11,23,11,15,16,33,25,21,2,23
Fold3,37,5,13,19,8,26,3,24,22,29,10,18,22,8,6,12,13,28,1,7
Fold3,61,4,54,84,31,54,25,51,59,76,27,29,46,25,57,30,48,58,27,34
Fold3,5,2,7,12,1,5,3,7,9,13,7,2,6,8,7,3,12,15,1,2
Fold3,94,15,99,123,61,89,43,106,106,133,36,51,57,56,59,78,79,89,9,54
Fold3,6,0,11,13,6,8,5,17,10,12,2,9,2,0,6,10,6,3,3,10
Fold3,20,2,9,9,5,2,6,7,13,11,2,2,7,6,4,7,5,8,2,4
Fold3,4,1,6,10,5,0,1,11,18,13,1,9,1,5,4,9,6,5,0,6
Fold3,17,1,12,25,7,12,1,14,13,27,3,5,9,6,7,7,12,11,1,7
Fold3,14,2,22,13,2,15,2,11,4,35,3,2,11,10,28,14,12,21,1,3
Fold3,59,4,20,38,14,52,7,42,32,32,7,19,16,12,13,17,28,46,1,11
Fold3,52,0,44,53,19,46,11,26,38,57,12,24,22,26,28,29,44,55,3,20
Fold3,13,2,40,31,41,21,11,63,78,42,11,50,12,23,19,40,19,38,7,35
Fold3,23,1,14,19,3,20,1,19,16,20,10,10,6,7,13,16,12,22,1,7
Fold3,14,2,15,31,8,9,4,19,35,37,7,17,9,26,5,24,14,16,1,13
Fold3,30,11,33,41,48,35,14,80,79,103,9,60,38,56,20,50,63,34,3,21
Fold3,68,0,25,60,10,55,1,36,36,41,18,23,13,16,23,19,37,58,1,4
Fold3,30,0,12,13,5,37,5,19,12,19,2,12,14,7,10,9,26,24,6,3
Fold3,40,0,29,35,14,33,7,35,35,36,18,23,21,24,41,25,36,31,0,11
Fold3,13,0,9,17,5,5,4,7,18,22,5,4,4,18,11,16,14,9,1,2
Fold3,26,3,20,33,22,37,15,23,22,32,8,16,18,8,14,27,22,26,3,15
Fold3,35,4,22,30,15,42,13,27,39,47,14,14,21,19,15,35,30,33,3,12
Fold3,44,2,40,41,29,32,9,26,25,42,15,19,19,16,25,29,24,27,15,26
Fold3,49,0,9,24,3,13,4,11,13,24,9,9,8,30,16,16,14,13,1,4
Fold3,69,2,19,21,7,49,4,20,11,44,9,7,31,11,32,17,26,41,1,3
Fold3,26,1,22,19,17,33,11,25,12,30,12,23,29,19,18,27,20,27,9,12
Fold3,17,1,12,24,1,18,8,9,6,25,6,7,15,4,19,6,17,31,2,2
Fold3,12,5,17,19,11,19,8,15,23,24,8,9,12,6,14,7,22,18,4,10
Fold3,28,1,27,37,16,33,9,34,28,28,14,24,19,16,10,17,30,23,0,16
Fold3,10,1,10,18,7,11,1,16,20,15,5,12,3,6,6,10,11,19,1,6
Fold3,43,3,24,18,13,38,12,15,9,41,11,10,20,12,22,26,26,34,2,9
Fold3,27,8,34,22,21,34,18,24,25,46,10,13,19,20,29,27,26,22,7,18
Fold3,17,3,14,19,20,15,10,17,12,25,7,5,15,18,10,14,7,8,2,4
Fold3,64,4,42,39,15,47,17,22,25,50,10,7,44,20,39,38,29,39,11,18
Fold3,25,0,19,22,10,15,5,17,17,24,4,13,12,8,15,17,24,12,7,9
Fold3,47,4,30,13,10,30,9,24,6,36,6,14,12,16,27,23,26,23,4,3
Fold3,45,6,25,29,14,36,8,42,35,38,10,17,21,11,15,28,25,40,1,15
Fold3,17,9,24,26,20,32,11,38,23,53,5,13,26,14,31,25,19,27,2,11
Fold3,9,0,17,11,5,17,3,11,19,11,10,10,8,9,4,7,15,19,0,6
Fold3,57,2,37,20,13,55,19,16,3,48,6,9,26,6,54,16,21,33,12,20
Fold3,35,0,19,24,9,19,6,21,15,22,16,20,9,9,16,13,14,25,0,10
Fold3,26,3,20,20,7,46,12,30,18,22,5,8,7,9,19,12,19,26,1,9
Fold3,41,5,21,39,17,31,12,13,5,28,14,7,24,6,33,13,20,34,3,6
Fold3,18,0,14,20,0,6,0,12,21,16,5,7,6,5,11,8,14,16,0,6
Fold3,5,0,2,10,7,9,1,3,5,2,1,3,1,4,1,3,2,7,1,0
Fold3,46,3,36,37,14,45,13,29,30,42,15,21,20,12,21,18,34,38,9,12
Fold3,20,0,2,11,1,10,1,3,2,10,2,2,4,1,5,4,4,10,1,0
Fold3,38,4,46,59,59,23,8,38,87,92,7,62,17,19,9,58,28,41,1,30
Fold3,27,3,42,26,27,25,9,24,41,35,13,33,18,17,15,26,18,28,9,13
Fold3,90,3,74,71,32,81,26,39,52,72,27,46,61,24,48,45,56,71,26,43
Fold3,47,2,29,28,10,40,12,21,14,35,7,5,17,18,25,21,28,38,3,11
Fold3,36,3,26,12,9,28,8,22,19,32,3,15,13,10,12,23,20,37,3,8
Fold3,5,0,4,17,9,4,1,4,11,6,3,5,3,12,4,8,6,11,1,5
Fold3,19,4,16,15,9,26,6,21,15,15,8,12,17,8,12,12,16,22,2,11
Fold3,49,2,29,41,15,48,4,33,23,29,10,18,11,11,20,19,26,29,3,18
Fold3,59,7,30,68,13,53,10,49,42,46,20,31,36,18,17,26,32,62,2,9
Fold3,13,1,17,9,5,14,3,13,4,24,2,5,8,8,14,18,14,20,1,9
Fold3,18,4,8,14,7,18,5,23,12,16,5,10,4,7,7,15,9,10,0,6
Fold3,65,5,50,45,23,66,33,26,10,65,9,23,50,19,46,33,36,47,13,20
Fold3,79,2,31,55,18,34,9,43,33,60,20,16,21,19,30,21,29,41,2,15
Fold3,28,0,25,38,8,22,6,21,22,29,13,17,10,21,22,18,19,23,1,13
Fold3,16,1,19,18,16,17,4,22,22,23,7,18,11,17,10,8,14,15,6,15
Fold3,4,0,8,2,4,5,4,10,7,9,3,9,2,3,3,7,4,3,1,2
Fold3,67,0,44,73,19,59,15,46,29,49,22,14,35,29,57,26,40,67,4,20
Fold3,74,7,36,42,24,48,10,29,21,53,16,11,32,32,48,25,32,32,10,24
Fold3,25,5,31,15,12,27,7,20,26,22,9,9,15,9,11,11,18,27,6,15
Fold3,29,2,23,12,10,24,6,8,5,34,3,5,18,10,23,9,25,24,4,9
Fold3,8,0,6,11,0,10,0,8,10,6,2,2,6,2,3,5,4,12,1,4
Fold3,37,3,47,72,24,47,9,75,82,77,14,39,30,28,38,47,43,56,2,25
Fold3,53,5,24,21,9,40,13,5,3,47,3,7,19,7,29,12,22,34,9,13
Fold3,125,4,63,65,33,52,17,28,26,82,8,17,36,36,54,42,59,63,20,27
Fold3,47,1,41,34,25,35,9,38,50,54,17,35,19,23,20,34,21,37,8,18
Fold3,72,6,30,35,24,43,12,41,31,37,18,24,39,20,27,19,31,48,7,20
Fold3,39,1,27,39,6,24,8,15,11,36,7,8,11,15,36,23,21,32,5,10
Fold3,50,3,54,67,30,51,19,60,66,70,24,37,26,25,48,44,45,59,4,24
Fold3,20,2,29,15,19,18,19,15,20,35,6,8,19,13,12,13,16,16,7,14
Fold3,23,3,21,33,12,21,11,20,22,38,8,8,15,15,18,21,14,16,9,10
Fold3,10,4,19,21,5,23,2,13,16,22,6,7,10,8,10,5,11,16,0,9
Fold3,15,5,22,16,21,32,7,28,14,25,7,16,16,16,11,21,21,16,2,13
Fold3,14,3,10,16,9,14,11,11,19,12,8,12,8,6,5,11,11,21,4,3
Fold3,39,3,24,28,10,27,8,22,19,34,9,12,14,6,23,30,19,28,2,10
Fold3,34,3,19,33,8,13,4,22,26,33,5,19,7,11,7,13,16,29,0,7
Fold3,22,4,25,22,16,20,8,13,17,28,9,8,13,10,17,16,19,14,5,16
Fold3,41,0,17,30,6,15,3,7,9,26,5,9,9,21,18,14,17,16,0,3
Fold3,31,2,17,29,5,33,5,23,22,29,5,21,13,7,6,21,14,25,2,9
Fold3,61,7,35,56,21,47,17,33,33,46,12,30,38,14,29,33,28,44,16,21
Fold3,43,1,22,42,24,36,10,26,33,47,8,20,14,11,18,21,23,24,3,23
Fold3,69,4,49,84,37,51,14,66,86,128,15,62,18,65,35,61,54,53,4,27
Fold3,16,1,15,9,16,13,4,26,29,35,7,28,15,17,10,18,29,11,3,15
Fold3,36,4,21,22,8,29,7,12,6,33,5,7,13,3,27,13,15,40,4,2
Fold3,10,0,9,6,2,6,0,8,9,9,3,2,1,4,2,5,7,12,1,1
Fold3,59,1,34,40,21,39,12,27,19,56,8,14,29,14,36,25,22,31,5,14
Fold3,33,4,40,30,27,31,14,23,19,41,13,16,35,9,30,22,30,27,3,27
Fold3,76,8,36,42,22,50,13,12,15,49,11,15,58,13,67,44,48,54,13,16
Fold3,58,1,42,74,31,33,13,39,51,73,16,29,22,32,27,27,35,66,5,20
Fold3,14,1,4,11,6,7,4,8,8,6,4,5,6,6,2,7,7,15,0,4
Fold3,52,1,57,54,42,37,18,42,56,87,15,44,24,28,29,47,41,43,16,30
Fold3,28,3,39,42,36,20,14,12,55,51,7,21,9,19,22,36,17,31,4,32
Fold3,44,4,34,34,24,33,17,25,13,39,16,9,24,16,39,21,17,27,4,11
Fold3,31,5,23,27,13,28,9,15,26,40,12,13,11,13,18,19,21,13,11,25
Fold3,24,4,44,51,22,29,9,36,53,43,19,17,20,14,28,16,34,30,1,21
Fold3,8,1,11,9,10,14,3,11,16,13,3,8,6,4,1,8,10,17,1,0
Fold3,45,1,41,30,24,34,14,21,30,36,11,20,15,17,17,21,21,21,7,23
Fold3,44,4,56,48,33,47,11,38,53,46,22,18,25,20,34,27,21,38,8,21
Fold3,20,5,14,20,16,8,8,18,22,33,9,10,15,16,17,20,21,21,3,12
Fold3,24,3,28,15,12,37,3,23,18,22,3,16,7,13,6,27,19,25,4,19
Fold3,39,1,28,36,16,43,12,57,41,51,10,25,17,24,27,36,26,50,1,15
Fold3,51,8,51,60,31,56,17,43,46,57,29,36,24,24,41,46,44,43,8,34
Fold3,20,4,22,25,9,24,3,28,20,25,13,14,12,10,10,20,25,28,2,15
Fold3,9,3,18,9,8,26,2,14,14,18,6,12,3,6,10,12,8,13,2,6
Fold3,35,3,34,25,14,38,8,18,10,33,3,12,11,11,35,21,18,15,13,20
Fold3,34,0,26,17,10,23,6,31,25,24,7,15,12,10,9,20,17,26,3,11
Fold3,24,1,21,34,10,19,9,18,21,23,8,7,18,12,12,15,14,22,4,18
Fold3,8,2,13,9,2,8,3,13,12,16,8,8,5,6,7,7,10,8,1,3
Fold3,19,2,18,20,8,18,1,18,14,29,10,14,8,6,14,12,20,21,1,9
Fold3,34,9,28,44,20,30,14,28,35,37,14,15,21,16,25,20,35,27,10,19
Fold3,49,1,17,26,5,38,8,25,21,33,9,15,19,12,11,12,24,41,1,11
Fold3,72,25,61,53,27,69,27,62,32,97,10,44,50,34,63,75,64,74,3,20
Fold3,53,4,23,13,12,36,4,20,7,23,10,10,17,10,20,18,22,24,3,6
Fold3,34,2,21,27,13,35,6,29,34,29,8,20,9,7,10,19,14,25,0,14
Fold3,44,4,25,28,17,35,14,29,21,26,8,24,18,11,18,25,22,33,5,16
Fold3,5,0,6,4,1,11,3,4,18,4,4,4,6,5,3,5,4,15,0,1
Fold3,9,1,18,16,10,6,11,12,13,26,7,9,3,8,7,12,9,7,2,6
Fold3,37,0,37,34,25,44,21,16,20,31,9,25,26,24,34,25,37,30,11,17
Fold3,7,2,8,6,1,5,2,2,6,3,2,1,0,4,0,5,2,12,0,1
Fold3,6,2,4,11,2,5,1,6,6,12,1,3,2,6,3,5,4,5,3,3
Fold3,73,2,26,33,6,56,5,11,17,33,12,15,35,28,22,24,25,23,5,9
Fold3,9,5,18,19,13,6,8,25,18,18,7,16,5,7,13,16,11,14,0,10
Fold3,52,3,40,77,23,59,11,58,53,58,19,18,25,28,36,42,32,62,1,8
Fold3,52,1,21,34,10,30,5,19,7,43,11,9,18,17,37,24,26,29,4,6
Fold3,36,1,21,34,14,45,14,40,25,27,8,34,12,12,15,24,38,47,0,12
Fold3,8,3,3,10,5,9,2,2,4,5,2,6,6,2,9,6,4,3,3,6
Fold3,27,1,25,37,20,31,5,29,33,43,6,21,10,20,20,28,25,21,5,15
Fold3,60,6,49,54,32,56,23,35,25,56,13,14,44,24,51,39,38,52,10,21
Fold3,45,3,17,29,15,42,20,24,17,33,8,18,18,11,14,16,22,33,8,12
Fold3,14,1,5,11,2,8,5,5,6,13,6,2,1,2,4,7,5,5,0,3
Fold3,31,4,26,27,12,32,9,40,37,30,12,20,12,5,10,29,18,29,0,17
Fold3,11,0,14,35,8,5,6,21,21,32,9,6,9,11,13,13,12,14,0,11
Fold3,19,0,14,19,10,11,7,28,19,20,8,21,7,12,8,6,16,10,1,10
Fold3,41,2,36,40,32,39,7,30,33,40,19,22,22,28,28,24,32,30,4,16
Fold3,16,0,45,50,17,37,11,34,42,38,24,28,32,14,33,28,23,34,17,39
Fold3,21,3,15,17,9,18,8,24,8,28,6,12,10,14,11,12,18,18,5,14
Fold4,24,4,5,4,4,13,1,3,2,12,3,6,7,6,9,7,17,12,2,4
Fold4,3,4,5,5,1,3,0,5,0,5,4,1,4,2,4,7,7,5,2,1
Fold4,38,2,9,9,6,24,4,3,5,14,4,11,14,6,14,25,16,14,2,9
Fold4,104,8,55,23,26,79,19,30,8,52,11,23,54,21,71,47,56,63,15,21
Fold4,53,10,38,62,34,54,19,39,28,63,15,28,31,24,35,41,41,42,17,31
Fold4,24,0,23,16,11,25,10,16,21,15,5,47,29,17,3,18,25,22,2,7
Fold4,34,5,27,21,21,40,6,18,38,35,11,17,20,24,15,28,26,15,5,10
Fold4,33,0,33,22,22,50,19,23,26,29,13,46,16,15,25,28,33,37,21,27
Fold4,143,0,137,65,63,135,19,50,122,93,27,109,30,93,43,106,124,115,25,98
Fold4,60,4,18,9,5,45,5,9,7,21,3,12,12,6,25,34,35,34,2,11
Fold4,49,2,29,41,15,48,4,33,23,29,10,18,11,11,20,19,26,29,3,18
Fold4,37,5,16,20,10,27,15,12,9,21,6,11,24,6,26,14,25,18,11,15
Fold4,9,0,2,3,4,10,3,3,3,5,2,9,0,5,0,3,6,3,1,4
Fold4,19,2,10,10,5,10,2,8,26,22,4,11,4,8,2,20,10,20,1,9
Fold4,8,2,0,1,0,15,0,3,5,5,1,4,1,3,2,2,1,7,2,3
Fold4,5,3,4,6,0,4,1,5,6,5,3,3,3,1,1,4,9,0,0,2
Fold4,62,2,28,10,13,46,8,17,15,30,3,28,24,10,12,37,34,35,7,17
Fold4,78,4,29,16,8,52,12,7,2,36,6,4,32,13,44,17,44,34,3,8
Fold4,100,2,64,39,32,74,9,17,33,54,10,46,30,27,49,46,70,66,22,35
Fold4,47,2,25,10,12,36,9,11,9,39,9,16,14,19,19,33,45,35,2,14
Fold4,19,3,16,17,5,16,1,20,13,23,3,16,8,9,15,18,20,20,4,9
Fold4,36,1,34,21,12,38,8,23,29,24,8,21,15,13,13,22,26,16,3,20
Fold4,47,0,8,51,8,38,10,16,37,16,9,35,27,12,9,39,56,48,8,19
Fold4,19,2,23,28,7,8,5,34,17,19,9,25,13,3,8,37,26,17,1,19
Fold4,21,4,32,14,10,34,3,32,27,24,13,38,10,8,13,41,31,20,9,20
Fold4,57,0,34,35,17,44,9,35,35,53,18,58,34,42,22,69,63,38,8,48
Fold4,13,6,41,29,35,26,12,63,40,47,11,74,21,14,14,54,40,22,6,45
Fold4,37,3,29,23,23,71,5,51,17,27,10,47,28,20,24,70,68,49,10,39
Fold4,37,3,51,47,35,45,27,33,43,81,15,45,27,40,31,54,50,44,11,40
Fold4,5,2,2,2,0,15,0,4,6,6,4,4,2,3,0,7,2,5,1,1
Fold4,42,1,33,43,16,27,5,37,60,33,8,50,21,12,17,47,48,42,7,22
Fold4,57,1,44,25,25,53,17,35,33,44,11,56,25,29,25,58,47,33,14,28
Fold4,64,9,35,10,13,64,10,15,16,39,5,24,37,30,29,33,42,40,15,18
Fold4,20,2,12,12,12,18,0,20,23,20,3,17,11,9,16,16,16,13,1,9
Fold4,58,5,19,18,9,37,10,15,11,37,8,9,18,9,19,16,28,33,2,10
Fold4,101,3,128,147,57,113,19,118,107,127,25,150,47,42,47,109,94,102,25,67
Fold4,17,0,2,7,2,10,1,4,3,7,3,6,0,9,1,8,8,3,3,1
Fold4,31,0,26,24,8,25,4,25,33,40,7,25,8,20,10,16,29,27,3,14
Fold4,27,0,30,30,18,20,13,20,45,33,12,39,18,15,11,33,28,25,3,18
Fold4,9,0,4,10,5,5,0,6,5,8,3,4,2,17,4,9,2,2,1,1
Fold4,62,3,39,42,32,44,15,25,35,51,11,36,25,29,30,42,42,38,20,38
Fold4,23,0,6,5,3,14,0,11,6,9,6,5,10,6,3,9,18,17,4,4
Fold4,69,1,55,41,23,54,11,34,56,48,14,60,26,40,19,61,78,57,14,34
Fold4,11,0,4,9,1,3,0,7,16,17,3,9,2,4,2,11,7,3,0,7
Fold4,31,0,8,5,2,18,2,7,9,9,1,10,4,6,5,18,22,14,6,6
Fold4,24,2,20,14,13,29,11,10,6,25,4,18,17,11,27,21,12,18,10,17
Fold4,33,0,30,23,15,22,9,27,39,29,10,24,23,19,16,13,16,29,9,21
Fold4,17,0,16,10,5,5,3,15,20,19,2,18,6,19,7,12,21,25,1,5
Fold4,22,5,11,8,9,30,3,11,16,14,3,19,15,13,10,36,42,18,6,22
Fold4,33,1,19,17,17,44,7,22,29,26,7,31,14,19,11,36,15,26,4,20
Fold4,6,0,8,15,10,9,2,8,21,16,2,6,9,0,2,13,12,14,1,9
Fold4,12,1,20,20,16,17,7,27,27,24,8,28,13,11,10,24,21,18,7,18
Fold4,54,9,78,76,70,64,12,119,103,113,24,138,38,39,43,84,71,72,15,74
Fold4,61,8,31,12,11,54,9,16,18,34,10,23,36,16,37,49,62,31,17,15
Fold4,14,0,6,10,8,7,4,11,23,11,2,11,6,8,6,8,13,10,0,7
Fold4,19,0,21,21,8,17,2,17,17,25,7,24,6,21,10,32,20,23,1,7
Fold4,16,2,13,7,14,24,4,7,13,17,8,20,10,7,6,13,23,13,8,17
Fold4,1,1,4,3,2,3,0,7,9,6,4,3,3,3,0,3,2,2,1,1
Fold4,103,0,64,40,30,86,17,53,127,72,11,125,49,102,24,100,145,82,18,87
Fold4,80,2,47,19,22,67,12,21,21,47,15,40,32,15,36,35,45,36,24,25
Fold4,39,0,22,17,5,19,4,22,15,29,8,27,2,24,14,24,18,14,0,1
Fold4,37,2,18,16,18,27,11,20,21,25,12,39,20,18,18,30,24,36,12,18
Fold4,31,0,6,4,4,17,2,6,7,15,6,7,12,7,2,16,9,15,1,1
Fold4,57,4,66,72,29,100,7,80,58,74,12,85,32,23,36,81,83,61,10,44
Fold4,6,4,17,13,10,7,5,19,26,16,5,19,6,8,7,23,10,18,2,15
Fold4,43,7,31,17,13,36,3,12,18,35,3,10,23,19,15,13,19,18,4,6
Fold4,37,0,8,4,6,23,7,7,6,8,4,20,5,16,3,27,20,16,5,11
Fold4,5,1,3,11,6,7,2,9,8,14,2,4,1,9,9,7,8,10,1,7
Fold4,9,0,2,14,8,9,3,4,23,15,4,10,5,1,3,10,14,5,0,10
Fold4,29,0,13,9,11,15,11,8,13,22,2,13,6,8,3,8,10,11,8,7
Fold4,53,1,30,19,23,63,4,26,31,35,16,30,23,19,28,38,43,42,9,19
Fold4,16,0,9,3,6,24,5,13,14,21,6,17,5,7,7,16,12,20,2,9
Fold4,18,0,20,17,16,10,10,21,39,29,6,22,10,9,6,19,13,7,4,13
Fold4,14,0,26,11,10,24,4,19,29,19,9,25,10,10,11,25,31,20,8,14
Fold4,24,3,28,15,12,37,3,23,18,22,3,16,7,13,6,27,19,25,4,19
Fold4,2,3,3,7,3,2,2,2,5,4,3,4,1,2,0,5,2,7,0,0
Fold4,21,2,10,14,7,15,4,10,25,20,8,10,7,8,7,19,15,18,1,10
Fold4,31,1,20,19,8,24,5,23,30,22,7,15,9,9,13,14,26,18,3,9
Fold4,33,2,6,3,3,16,1,4,5,17,4,13,13,9,1,17,20,22,0,4
Fold4,30,2,8,3,12,10,0,5,3,13,4,10,11,6,7,12,12,17,5,3
Fold4,25,1,21,16,8,26,8,11,18,20,5,18,17,6,12,23,17,14,9,14
Fold4,10,3,0,3,2,15,1,1,4,1,1,4,1,0,2,4,1,4,3,2
Fold4,81,0,46,49,21,79,8,39,74,46,15,41,35,20,14,63,64,72,7,32
Fold4,17,0,5,9,3,8,0,4,4,5,3,3,0,15,5,7,6,4,1,1
Fold4,28,1,6,4,3,24,7,9,5,4,2,39,6,10,7,32,23,13,4,30
Fold4,68,0,15,10,4,35,3,10,8,13,6,17,77,14,18,23,25,23,6,6
Fold4,13,1,14,9,14,21,4,15,20,7,5,15,4,12,6,12,20,23,2,4
Fold4,58,2,15,19,16,70,5,42,46,23,10,68,19,30,11,77,74,37,15,29
Fold4,12,3,11,7,3,14,2,7,6,9,5,2,9,5,9,9,5,9,3,6
Fold4,62,11,67,49,33,79,18,46,52,60,21,52,60,29,33,39,59,48,24,53
Fold4,14,0,4,1,2,6,0,12,5,6,1,2,0,1,1,7,4,7,1,2
Fold4,7,2,24,12,14,9,6,14,34,21,9,21,7,8,6,16,14,19,1,22
Fold4,71,9,47,16,5,46,14,19,25,53,6,18,39,14,30,45,37,36,11,15
Fold4,28,4,9,4,9,27,3,4,6,14,5,3,4,10,9,16,18,17,3,8
Fold4,83,2,36,43,9,65,7,10,6,53,10,12,29,12,25,36,34,50,8,8
Fold4,94,4,83,36,50,124,23,58,75,73,20,104,49,40,28,99,88,54,26,68
Fold4,3,2,0,3,2,10,1,6,7,4,2,10,0,1,1,4,6,3,3,2
Fold4,52,0,67,49,37,51,18,61,93,71,23,91,25,40,28,78,93,50,16,41
Fold4,136,0,98,98,36,128,17,57,137,82,24,81,74,43,21,107,107,107,25,55
Fold4,39,0,32,36,20,30,3,35,20,44,12,35,10,34,36,54,46,27,3,16
Fold4,26,3,28,25,13,18,6,24,41,30,9,34,13,23,6,30,18,23,4,19
Fold4,17,8,24,28,20,22,9,29,21,19,3,17,8,6,18,19,23,23,7,15
Fold4,33,3,35,23,15,26,9,24,40,19,9,26,9,10,10,27,27,15,11,27
Fold4,38,1,31,18,14,27,5,19,21,46,11,11,29,24,15,30,12,31,4,22
Fold4,53,4,31,40,23,48,16,24,30,31,16,46,30,25,24,54,45,50,17,33
Fold4,33,0,17,30,8,25,3,15,28,26,10,12,14,12,7,15,24,38,1,8
Fold4,20,1,20,15,21,22,15,24,25,19,9,24,16,13,10,22,19,16,7,17
Fold4,52,0,41,32,18,52,26,32,56,36,13,52,32,48,26,52,54,38,7,23
Fold4,2,5,2,2,2,5,1,4,5,5,2,5,3,0,1,5,6,0,0,0
Fold4,3,4,4,6,3,3,1,1,2,3,2,6,1,2,0,4,6,3,4,1
Fold4,11,2,7,9,5,6,0,4,6,12,3,0,3,5,8,9,10,11,4,3
Fold4,26,3,21,13,15,26,3,12,27,24,10,21,10,10,13,21,20,11,6,9
Fold4,18,0,9,5,8,10,2,12,7,12,2,7,5,5,10,14,16,9,3,8
Fold4,31,1,30,7,9,42,11,25,28,22,5,36,15,16,11,47,31,21,7,25
Fold4,12,0,5,3,4,8,3,4,1,17,1,1,8,0,12,7,10,12,3,1
Fold4,12,1,9,6,2,8,1,6,13,9,3,4,2,12,1,3,3,5,1,3
Fold4,72,2,36,42,26,76,8,39,23,34,13,28,30,26,28,49,44,37,20,24
Fold4,15,1,7,6,7,12,2,12,25,9,1,17,3,7,1,8,15,16,1,10
Fold4,24,4,12,8,8,12,1,13,9,17,4,10,19,16,6,14,21,16,2,12
Fold4,7,0,15,11,10,12,5,20,25,21,4,14,13,7,4,24,24,7,2,9
Fold4,59,1,45,29,14,52,11,29,32,39,4,31,18,20,18,64,41,41,6,36
Fold4,35,1,55,79,29,35,21,74,86,80,10,54,21,41,27,53,28,40,5,35
Fold4,43,1,42,33,20,54,9,36,49,48,16,22,33,22,16,37,40,38,6,22
