Number,Attributes,A,C,D,E,F,G,H,I,K,L,M,N,P,Q,R,S,T,V,W,Y
1,structure derived hydrophobicity value,0.50,2.30,-1.00,-0.90,1.30,0.30,0.80,1.80,-1.20,0.90,0.80,-0.10,-0.60,-0.70,-0.30,-0.40,-0.10,1.00,1.90,0.90
2,Polarizability,0.05,0.13,0.11,0.15,0.29,0.00,0.23,0.19,0.22,0.19,0.22,0.13,0.13,0.18,0.29,0.06,0.11,0.14,0.41,0.30
3,Normalized frequency of alpha-helix,1.42,0.70,1.01,1.51,1.13,0.57,1.00,1.08,1.16,1.21,1.45,0.67,0.57,1.11,0.98,0.77,0.83,1.06,1.08,0.69
4,Normalized frequency of beta-strand,0.83,1.19,0.54,0.37,1.38,0.75,0.87,1.60,0.74,1.30,1.05,0.89,0.55,1.10,0.93,0.75,1.19,1.70,1.37,1.47
5,Normalized frequency of turn,0.66,1.19,1.46,0.74,0.60,1.56,0.95,0.47,1.01,0.59,0.60,1.56,1.52,0.98,0.95,1.43,0.96,0.50,0.96,1.14
6,Hydrophobicity at ph 7.5 by HPLC,0.35,0.76,-2.15,-1.95,1.69,0,-0.65,1.83,-1.54,1.8,1.1,-0.99,0.84,-0.93,-1.5,-0.63,-0.27,1.32,1.35,0.39
7,Size,2.5,3,2.5,5,6.5,0.5,6,5.5,7,5.5,6,5,5.5,6,7.5,3,5,5,7,7
8,Consensus normalized hydrophobicity scale,0.62,0.29,-0.9,-0.74,1.19,0.48,-0.4,1.38,-1.5,1.06,0.64,-0.78,0.12,-0.85,-2.53,-0.18,-0.05,1.08,0.81,0.26
9,Hydrophobicity index base on helix in membrane,-1.6,-2.0,-2.1,-2.6,-3.7,-1.0,-3.0,-3.1,-3.7,-2.8,-3.4,-2.2,-1.8,-2.9,-4.4,-1.6,-2.2,-2.6,-4.9,-3.7
10,Molecular weight,89.09,121.15,133.10,147.13,165.19,75.07,155.16,131.17,146.19,131.17,149.21,132.12,115.13,146.15,174.20,105.09,119.12,117.15,204.24,181.19
11,Hydrophobic parameter,0.31,1.54,-0.77,-0.64,1.79,0,0.13,1.8,-0.99,1.7,1.23,-0.6,0.72,-0.22,-1.01,-0.04,0.26,1.22,2.25,0.96
12,Van der waals volume,1,2.43,2.78,3.78,5.89,0,4.66,4,4.77,4,4.43,2.95,2.72,3.95,6.13,1.6,2.6,3,8.08,6.47
13,Polarity (driven from amino acids),8.1,5.5,13,12.3,5.2,9,10.4,5.2,11.3,4.9,5.7,11.6,8,10.5,10.5,9.2,8.6,5.9,5.4,6.2
14,Volume,31.0,55.0,54.0,83.0,132.0,3.0,96.0,111.0,119.0,111.0,105.0,56.0,32.5,85.0,124.0,32.0,61.0,84.0,170.0,136.0
15,Compressibility,-25.50,-32.82,-33.12,-36.17,-34.54,-27.00,-31.84,-31.78,-32.40,-31.78,-31.18,-30.90,-23.25,-32.60,-26.62,-29.88,-31.23,-30.62,-30.24,-35.01
16,Average long range contact energy,3.92,5.55,2.85,2.72,4.53,4.31,3.77,5.58,2.79,4.59,4.14,3.64,3.57,3.06,3.78,3.75,4.09,5.43,4.83,4.93
17,Average medium range contact energy,2.11,1.88,1.8,2.09,1.98,1.53,1.98,1.77,1.96,2.19,2.27,1.84,1.32,2.03,1.94,1.57,1.57,1.63,1.9,1.67
18,Long range non bounded energy,0.49,0.67,0.35,0.37,0.72,0.53,0.54,0.76,0.30,0.65,0.65,0.38,0.46,0.40,0.55,0.45,0.52,0.73,0.83,0.65
19,Mean RMS fluctuational displacement,0.96,0.87,1.14,1.07,0.69,1.16,0.8,0.76,1.14,0.79,0.78,1.04,1.16,1.07,1.05,1.13,0.96,0.79,0.77,1.01
20,Refractive index,14.34,35.77,12.00,17.26,29.40,0.00,21.81,19.06,21.29,18.78,21.64,13.28,10.93,17.56,26.66,6.35,11.01,13.92,42.53,31.55
21,Solvent accessible reduction,3.7,3.03,2.6,3.3,6.6,3.13,3.57,7.69,1.79,5.88,5.21,2.12,2.12,2.7,2.53,2.43,2.6,7.14,6.25,3.03
22,Total non bounded energy,1.90,2.04,1.52,1.54,1.86,1.90,1.76,1.95,1.37,1.97,1.96,1.56,1.70,1.52,1.48,1.75,1.77,1.98,1.87,1.69
23,Unfolding entropy change of hydration,1.70,1.79,1.57,1.92,4.05,0.87,3.45,4.16,2.83,3.79,3.56,2.13,2.27,2.31,4.47,2.12,2.42,3.28,5.19,5.03
24,Unfolding hydration heat capacity change,14.22,9.41,2.73,3.17,39.06,4.88,20.05,41.98,17.68,38.26,31.67,3.91,23.69,3.74,16.66,6.14,16.11,32.58,37.69,30.54
25,Retention coefficient (retention times PH= 7.0),2.2,2.6,-2.6,-1.3,9,-0.2,2.2,8.3,-0.2,9,6,-0.8,2.2,0,0.9,-0.5,0.3,5.7,9.5,4.6
26,Amino acids partition energy,0.1,-1.42,0.78,0.83,-2.12,0.33,-0.5,-1.13,1.4,-1.18,-1.59,0.48,0.73,0.95,1.91,0.52,0.07,-1.27,-0.51,-0.21
27,PKa COOH,2.33,1.91,1.95,2.16,2.18,2.34,1.70,2.26,2.15,2.32,2.16,2.16,1.95,2.18,2.03,2.13,2.20,2.27,2.38,2.24
28,Hydrophilicity value (driven from free amino acids),-0.5,-1,3,3,-2.5,0,-0.5,-1.8,3,-1.8,-1.3,0.2,0,0.2,3,0.3,-0.4,-1.5,-3.4,-2.3
29,Absolute entropy,30.879999,53.830002,40.66,44.98,51.060001,24.74,65.989998,49.709999,63.209999,50.619999,55.32,41.700001,39.209999,46.619999,68.43,35.650002,36.5,42.75,60,51.150002
30,Entropy of formation,154.330002,219.789993,194.910004,223.160004,204.740005,127.900002,242.539993,233.210007,300.459991,232.300003,202.649994,207.899994,179.929993,235.509995,341.01001,174.059998,205.800003,207.600006,237.009995,229.149994
31,Buried and accessible molar fraction ratio,1.7,4.6,0.4,0.3,2.2,1.8,0.8,3.1,0.05,2.4,1.9,0.4,0.6,0.3,0.1,0.8,0.7,2.9,1.6,0.5
32,Energy of transfer from inside to outside,0.3,0.9,-0.6,-0.7,0.5,0.3,-0.1,0.7,-1.8,0.5,0.4,-0.5,-0.3,-0.7,-1.4,-0.1,-0.2,0.6,0.3,-0.4
33,Flexibility for one rigid residue,0.946,0.878,1.089,1.036,0.912,1.042,0.952,0.892,1.082,0.961,0.862,1.006,1.085,1.025,1.028,1.048,1.051,0.927,0.917,0.93
34,Side chain interaction parameter,4.32,1.73,6.04,6.17,2.59,6.09,5.66,2.31,7.92,3.93,2.44,6.24,7.19,6.13,6.55,5.37,5.16,3.31,2.78,3.58
35,Side chain volume,27.5,44.6,40.0,62.0,115.5,0.0,79.0,93.5,100.0,93.5,94.1,58.7,41.9,80.7,105.0,29.3,51.3,71.5,145.5,117.3
36,Hydropathy index,1.8,2.5,-3.5,-3.5,2.8,-0.4,-3.2,4.5,-3.9,3.8,1.9,-3.5,-1.6,-3.5,-4.5,-0.8,-0.7,4.2,-0.9,-1.3
37,Average surrounding hydrophobicity,12.97,14.63,10.85,11.89,14,12.43,12.16,15.67,11.36,14.9,14.39,11.42,11.37,11.76,11.72,11.23,11.69,15.71,13.93,13.42
38,Average reduced distance for side chain,0.93,0.88,1.01,1.02,0.78,1.00,0.89,0.79,1.05,0.85,0.84,0.98,1.00,1.02,0.98,1.02,0.99,0.81,0.83,0.93
39,Side chain orientation angle,87,104,71,72,108,90,90,105,65,104,100,70,78,66,81,83,83,94,94,83
40,Ave number of nearest neighbour in chian,1.460,1.148,1.001,0.721,0.561,1.754,0.734,0.920,0.539,0.743,0.594,0.901,1.448,0.739,0.346,1.333,1.191,1.068,0.450,0.542
41,Average Volume of surrounding residues,136.54,133.87,134.70,142.41,147.02,133.13,142.11,141.20,138.06,144.10,146.88,137.14,140.63,136.22,140.75,132.88,133.63,140.67,144.68,143.31
42,Hydrophobicity scale (contact energy derived from 3D data),5.33,7.93,3.59,3.65,9.03,4.48,5.1,8.83,2.95,8.47,8.95,3.71,3.87,3.87,4.18,4.09,4.49,7.63,7.66,5.89
43,Partition coefficient,-2.89,-2.49,-3.38,-2.94,-1.63,-3.25,-2.84,-1.72,-3.31,-1.61,-1.84,-3.41,-2.5,-3.15,-3.3,-3.3,-2.91,-2.08,-1.75,-2.42
44,Average gain in surrounding hydrophobicity,7.62,10.93,6.18,6.38,8.99,7.31,7.85,9.99,5.72,9.37,9.83,6.17,6.64,6.67,6.81,6.93,7.08,10.38,8.41,8.53
45,Surrounding hydrophobicity in alpha-helix,13.65,14.49,10.98,12.55,14.08,15.36,11.59,14.63,11.96,14.01,13.4,12.24,11.51,11.3,11.28,11.26,13,12.88,12.06,12.64
46,Surrounding hydrophobicity in beta-sheet,14.6,15.9,13.78,13.59,14.18,14.18,15.35,14.1,13.28,16.49,16.23,11.79,14.1,12.02,13.24,13.36,14.5,16.299999,13.9,14.76
47,Surrounding hydrophobicity in turn,10.67,14.15,10.21,11.71,13.27,10.95,12.07,12.95,9.93,13.07,15,10.85,10.62,11.71,11.05,11.18,10.53,13.86,11.41,11.52
48,Surrounding hydrophobicity in folded form,12.28,14.93,10.97,11.19,13.43,12.01,12.84,14.77,10.8,14.1,14.33,11,11.19,11.28,11.49,11.26,11.65,15.07,12.95,13.29
49,Average number of surrounding residues,6.05,7.86,4.95,5.1,6.62,6.16,5.8,7.51,4.88,7.37,6.39,5.04,5.65,5.45,5.7,5.53,5.81,7.62,6.98,6.73
50,Membrane buried helix parameter,1.36,1.27,0.11,0.25,1.57,1.09,0.68,1.44,0.09,1.47,1.42,0.33,0.54,0.33,0.15,0.97,1.08,1.37,1,0.83
51,Mean fractional area loss (f),0.74,0.91,0.62,0.62,0.88,0.72,0.78,0.88,0.52,0.85,0.85,0.63,0.64,0.62,0.64,0.66,0.7,0.86,0.85,0.76
52,Flexibility,0.984,0.906,1.068,1.094,0.915,1.031,0.950,0.927,1.102,0.935,0.952,1.048,1.049,1.037,1.008,1.046,0.997,0.931,0.904,0.929
53,Hydration potential (transfer vapour phrase to water at ph 7),1.94,-1.24,-10.95,-10.2,-0.76,2.39,-10.27,2.15,-9.52,2.28,-1.48,-9.68,-3.68,-9.38,-19.92,-5.06,-4.88,1.99,-5.88,-6.11
54,Bulkiness,11.5,13.46,11.68,13.57,19.799999,3.4,13.69,21.4,15.71,21.4,16.25,12.82,17.43,14.45,14.28,9.47,15.77,21.57,21.67,18.030001
55,Polarity (driven from amino acids in proteins),0,1.48,49.700001,49.900002,0.35,0,51.599998,0.13,49.5,0.13,1.43,3.38,1.58,3.53,52,1.67,1.66,0.13,2.1,1.61
