mean_fit_time,std_fit_time,mean_score_time,std_score_time,param_baggingclassifier__base_estimator,param_baggingclassifier__max_features,param_baggingclassifier__max_samples,param_baggingclassifier__n_estimators,params,split0_test_balanced_accuracy,split1_test_balanced_accuracy,split2_test_balanced_accuracy,split3_test_balanced_accuracy,split4_test_balanced_accuracy,mean_test_balanced_accuracy,std_test_balanced_accuracy,rank_test_balanced_accuracy,split0_test_f1_weighted,split1_test_f1_weighted,split2_test_f1_weighted,split3_test_f1_weighted,split4_test_f1_weighted,mean_test_f1_weighted,std_test_f1_weighted,rank_test_f1_weighted
2.203600311279297,0.029275189651950997,0.010999679565429688,0.0006323347065777994,LogisticRegression(),0.9585799791154637,0.7381075229817785,55,"{'baggingclassifier__base_estimator': LogisticRegression(), 'baggingclassifier__max_features': 0.9585799791154637, 'baggingclassifier__max_samples': 0.7381075229817785, 'baggingclassifier__n_estimators': 55}",0.5496127136752136,0.501077445474729,0.6073853989813243,0.5301902398676592,0.6168320926385442,0.561019578127494,0.044583517224708415,1,0.6367165324127348,0.62696905766526,0.660606882829105,0.6764289215192594,0.7231078691423518,0.6647658527137421,0.03397786682740744,1
0.6011995315551758,0.01968064546837505,0.020200061798095702,0.00365475887787813,,0.7924077121195074,0.6469515696785071,137,"{'baggingclassifier__base_estimator': None, 'baggingclassifier__max_features': 0.7924077121195074, 'baggingclassifier__max_samples': 0.6469515696785071, 'baggingclassifier__n_estimators': 137}",0.570579594017094,0.47701449653911454,0.592235862609377,0.5382547559966915,0.5062034739454094,0.5368576366215372,0.04177738472186932,5,0.7306044383207553,0.5949432505805776,0.6425150110504801,0.693822814188947,0.6592812317829678,0.6642333491847456,0.045995620128411366,2
1.131399393081665,0.026400835479191857,0.03000040054321289,4.1019083342755444e-07,,0.7149717488405907,0.8829965879956866,231,"{'baggingclassifier__base_estimator': None, 'baggingclassifier__max_features': 0.7149717488405907, 'baggingclassifier__max_samples': 0.8829965879956866, 'baggingclassifier__n_estimators': 231}",0.5488782051282051,0.45876322319446255,0.49807365809063603,0.5478701406120761,0.5120278467052661,0.5131226147461292,0.033670360439784594,20,0.7050303737618577,0.5842891944324726,0.665655425492382,0.7031625887461127,0.6629375296525255,0.6642150224170701,0.0437599144335542,3
1.2969987392425537,0.0541508814447626,0.03060007095336914,0.0018547230126961323,,0.8488137831716701,0.8376304797909919,245,"{'baggingclassifier__base_estimator': None, 'baggingclassifier__max_features': 0.8488137831716701, 'baggingclassifier__max_samples': 0.8376304797909919, 'baggingclassifier__n_estimators': 245}",0.5410657051282051,0.47701449653911454,0.6053937573462191,0.550592776399228,0.5082368348497381,0.536460714052501,0.04313496428795025,6,0.6939520820631346,0.5957146921885631,0.6591142191142191,0.7069933718926296,0.6514176634900981,0.6614384057497288,0.03887883159487834,4
13.458806419372559,0.3443815553837144,0.04939999580383301,0.0029393368887558244,LogisticRegression(),0.8097312328541351,0.5445958055810808,354,"{'baggingclassifier__base_estimator': LogisticRegression(), 'baggingclassifier__max_features': 0.8097312328541351, 'baggingclassifier__max_samples': 0.5445958055810808, 'baggingclassifier__n_estimators': 354}",0.5574252136752136,0.49598406686691915,0.5977700143659397,0.5205748552522745,0.6152812241521919,0.5574070748625077,0.04496216783701931,2,0.6481012658227848,0.6253626272150509,0.6460287679799875,0.6626572004146376,0.7227037080860169,0.6609707139036956,0.033077566678903145,5
1.4750009059906006,0.034461064792400964,0.033600139617919925,0.0007997990294190192,,0.8704061291502592,0.9173999261904562,260,"{'baggingclassifier__base_estimator': None, 'baggingclassifier__max_features': 0.8704061291502592, 'baggingclassifier__max_samples': 0.9173999261904562, 'baggingclassifier__n_estimators': 260}",0.5410657051282051,0.45579208567324014,0.6003003787384092,0.5463192721257237,0.522125723738627,0.533120633080841,0.046585488609015464,11,0.6944638731220726,0.5730691616217207,0.6548612677644936,0.7080225677721206,0.6644657863145258,0.6589765313189867,0.04709991210786472,6
1.7157988548278809,0.03455600298681491,0.04540162086486817,0.0027270157800720566,,0.8845464989657569,0.608601596036552,382,"{'baggingclassifier__base_estimator': None, 'baggingclassifier__max_features': 0.8845464989657569, 'baggingclassifier__max_samples': 0.608601596036552, 'baggingclassifier__n_estimators': 382}",0.5410657051282051,0.4689499804100823,0.5841713464803447,0.5602081610146127,0.5163013509787704,0.534139308802403,0.039493305993524075,9,0.6933931218741344,0.5827191093013878,0.6323931623931625,0.7188270666531537,0.6626130408826586,0.6579891002208994,0.047532740931663146,7
1.5031983852386475,0.014553187985867435,0.04020028114318848,0.0023144568877366246,,0.9398698975671503,0.5702235862691573,337,"{'baggingclassifier__base_estimator': None, 'baggingclassifier__max_features': 0.9398698975671503, 'baggingclassifier__max_samples': 0.5702235862691573, 'baggingclassifier__n_estimators': 337}",0.5332532051282051,0.4689499804100823,0.4854871359540289,0.550592776399228,0.5301902398676592,0.5136946675518408,0.031028575864584844,19,0.6816871694300827,0.5827191093013878,0.6445213842474116,0.7023854194585902,0.676197962030605,0.6575022088936155,0.04173717739676732,8
2.4447991847991943,0.031237205673688435,0.053200483322143555,0.0013264747138399479,,0.9193295167903356,0.8424237113736027,437,"{'baggingclassifier__base_estimator': None, 'baggingclassifier__max_features': 0.9193295167903356, 'baggingclassifier__max_samples': 0.8424237113736027, 'baggingclassifier__n_estimators': 437}",0.5332532051282051,0.47701449653911454,0.5973292412171869,0.5521436448855804,0.5082368348497381,0.533595484523965,0.04062169977944726,10,0.6835617182810942,0.5957146921885631,0.6471891471891471,0.7080351021527493,0.6508911256810416,0.6570783570985191,0.0379461090560678,9
8.253000020980835,0.18454164344953033,0.032000160217285155,0.0016735980392303424,LogisticRegression(),0.97668266012809,0.2942822954643458,230,"{'baggingclassifier__base_estimator': LogisticRegression(), 'baggingclassifier__max_features': 0.97668266012809, 'baggingclassifier__max_samples': 0.2942822954643458, 'baggingclassifier__n_estimators': 230}",0.48370726495726496,0.48282617213007706,0.5926766357581298,0.5286393713813068,0.5400124069478909,0.5255723702349339,0.040745130015845926,16,0.6425521033115971,0.6127411360902286,0.6432293993269603,0.6741855615095051,0.7110712622545313,0.6567558924985646,0.033394506075199705,10
7.354309558868408,0.15595085333393424,0.029999685287475587,0.0006323343182333952,LogisticRegression(),0.7936320249894466,0.44511428357750826,202,"{'baggingclassifier__base_estimator': LogisticRegression(), 'baggingclassifier__max_features': 0.7936320249894466, 'baggingclassifier__max_samples': 0.44511428357750826, 'baggingclassifier__n_estimators': 202}",0.5652377136752136,0.49598406686691915,0.588154629750555,0.5205748552522745,0.5319478908188585,0.5403798312727641,0.03266393815600686,4,0.6583856595289833,0.6253626272150509,0.6309700339820821,0.662317549274071,0.6996348965556669,0.655334153311171,0.026504860115077914,11
12.462200164794922,0.0597680364877789,0.04639945030212402,0.0008004428855827142,LogisticRegression(),0.6187191250939836,0.8829427558476228,333,"{'baggingclassifier__base_estimator': LogisticRegression(), 'baggingclassifier__max_features': 0.6187191250939836, 'baggingclassifier__max_samples': 0.8829427558476228, 'baggingclassifier__n_estimators': 333}",0.5574252136752136,0.49598406686691915,0.588154629750555,0.5066859663633857,0.6072167080231596,0.5510933169358466,0.04375502503491956,3,0.6481012658227848,0.6253626272150509,0.6309700339820821,0.6494967575800399,0.7106334958113155,0.6529128360822546,0.030354557920968077,12
1.3749998569488526,0.018341188781075102,0.030800056457519532,0.0015999019471836008,,0.8086495479588236,0.9764170652703704,242,"{'baggingclassifier__base_estimator': None, 'baggingclassifier__max_features': 0.8086495479588236, 'baggingclassifier__max_samples': 0.9764170652703704, 'baggingclassifier__n_estimators': 242}",0.5410657051282051,0.4477275695442079,0.6099157633537939,0.5602081610146127,0.48628342983181694,0.5290401257745273,0.056739398273189204,15,0.6948489491142216,0.5598168968559722,0.6684287918583335,0.7142191142191143,0.6257209457209456,0.6526069395537174,0.0550701863757213,13
0.8211997509002685,0.014675129738629793,0.03880047798156738,0.0007482645767787563,,0.5534401315644489,0.3510719396960049,320,"{'baggingclassifier__base_estimator': None, 'baggingclassifier__max_features': 0.5534401315644489, 'baggingclassifier__max_samples': 0.3510719396960049, 'baggingclassifier__n_estimators': 320}",0.5054086538461539,0.46173436071568497,0.45917134648034474,0.5624483043837882,0.5120278467052661,0.5001581024262476,0.03796004865482289,23,0.6675363745188164,0.5942077458749272,0.6122561648877438,0.722911322911323,0.6640999144642397,0.65220230453141,0.04546540445423272,14
13.030116844177247,0.15333970415490086,0.05480070114135742,0.005635807139168123,LogisticRegression(),0.8223184394342549,0.40423045356808873,364,"{'baggingclassifier__base_estimator': LogisticRegression(), 'baggingclassifier__max_features': 0.8223184394342549, 'baggingclassifier__max_samples': 0.40423045356808873, 'baggingclassifier__n_estimators': 364}",0.5574252136752136,0.48282617213007706,0.5977700143659397,0.514750482492418,0.5223325062034739,0.5350208777734244,0.03933339396860482,8,0.6481012658227848,0.6127411360902286,0.6460287679799875,0.6613247863247863,0.6858426473811089,0.6508077207197791,0.023737240395050714,15
14.002600145339965,0.19227098028222425,0.05539970397949219,0.00135695839435062,LogisticRegression(),0.7907462002303006,0.43272619591458084,390,"{'baggingclassifier__base_estimator': LogisticRegression(), 'baggingclassifier__max_features': 0.7907462002303006, 'baggingclassifier__max_samples': 0.43272619591458084, 'baggingclassifier__n_estimators': 390}",0.5574252136752136,0.48282617213007706,0.588154629750555,0.5286393713813068,0.5223325062034739,0.5358755786281252,0.035348275750700306,7,0.6481012658227848,0.6125059079441959,0.6309700339820821,0.6741855615095051,0.6858426473811089,0.6503210833279354,0.026983969394835623,16
1.6088000774383544,0.025863926593169557,0.041199350357055665,0.002226905906192443,,0.6479845857188883,0.8993454541308954,342,"{'baggingclassifier__base_estimator': None, 'baggingclassifier__max_features': 0.6479845857188883, 'baggingclassifier__max_samples': 0.8993454541308954, 'baggingclassifier__n_estimators': 342}",0.5488782051282051,0.4638566018022724,0.47530037873840925,0.5382547559966915,0.48628342983181694,0.5025146742994792,0.034425130877552834,22,0.7058903355674339,0.5852578952705663,0.6369902498934757,0.6893794314846946,0.6259611536922461,0.6486958131816833,0.04382835742313816,17
0.3333998680114746,0.014122330379306826,0.013599586486816407,0.0008001095259186166,,0.8072257589025982,0.44174130096506925,93,"{'baggingclassifier__base_estimator': None, 'baggingclassifier__max_features': 0.8072257589025982, 'baggingclassifier__max_samples': 0.44174130096506925, 'baggingclassifier__n_estimators': 93}",0.5150240384615384,0.4638566018022724,0.45917134648034474,0.5339812517231872,0.5200923628342984,0.4984251202603282,0.030806081202155233,26,0.6753742186060357,0.5832374376678173,0.6158818958818959,0.6937069462482812,0.6743355578972017,0.6485072112602464,0.04184856070416229,18
13.353399848937988,0.24987250629736932,0.0547999382019043,0.0007483027355517388,LogisticRegression(),0.7999583672615646,0.3318595087669606,393,"{'baggingclassifier__base_estimator': LogisticRegression(), 'baggingclassifier__max_features': 0.7999583672615646, 'baggingclassifier__max_samples': 0.3318595087669606, 'baggingclassifier__n_estimators': 393}",0.5609642094017094,0.4908906882591093,0.5926766357581298,0.514750482492418,0.49455472842569614,0.5307673488674125,0.039755885447176155,13,0.6578913399515758,0.623153469393231,0.6432293993269603,0.6613247863247863,0.6553774928774928,0.6481952975748092,0.013926477990198317,19
0.9799987316131592,0.024796717591837485,0.03540124893188477,0.005642572738172854,,0.512706684772569,0.7256354907440015,269,"{'baggingclassifier__base_estimator': None, 'baggingclassifier__max_features': 0.512706684772569, 'baggingclassifier__max_samples': 0.7256354907440015, 'baggingclassifier__n_estimators': 269}",0.5211004273504274,0.4668277393234948,0.46214248400156716,0.5324303832368349,0.5039633305762339,0.4972928728977116,0.02831823967246921,28,0.6827065539696835,0.5962421792652618,0.6226195916022218,0.6871794871794872,0.651742152259965,0.6480979928553239,0.034861353766839714,20
4.302200031280518,0.12428099058293811,0.018599891662597658,0.0004899987918285166,LogisticRegression(),0.6016356287356396,0.6763037898154816,122,"{'baggingclassifier__base_estimator': LogisticRegression(), 'baggingclassifier__max_features': 0.6016356287356396, 'baggingclassifier__max_samples': 0.6763037898154816, 'baggingclassifier__n_estimators': 122}",0.5574252136752136,0.4908906882591093,0.588154629750555,0.514750482492418,0.5099944858009373,0.5322430999956467,0.03541539909709343,12,0.6481012658227848,0.623153469393231,0.6309700339820821,0.6612708448324887,0.6725258738352027,0.6472042975731579,0.01834038264987549,21
6.544399738311768,0.11531103124181998,0.028000354766845703,8.920806376395086e-07,LogisticRegression(),0.7753816977268619,0.3981560896135866,187,"{'baggingclassifier__base_estimator': LogisticRegression(), 'baggingclassifier__max_features': 0.7753816977268619, 'baggingclassifier__max_samples': 0.3981560896135866, 'baggingclassifier__n_estimators': 187}",0.5435363247863247,0.48282617213007706,0.5977700143659397,0.5228149986214502,0.5041701130410807,0.5302235245889745,0.039293598615277245,14,0.633299543793623,0.6127411360902286,0.6460287679799875,0.6723057899528488,0.6686687105165364,0.6466087896666449,0.02223270717321816,22
1.6173999786376954,0.060347788397651675,0.0485997200012207,0.002416497207540977,,0.4195628183546748,0.9396280403403264,422,"{'baggingclassifier__base_estimator': None, 'baggingclassifier__max_features': 0.4195628183546748, 'baggingclassifier__max_samples': 0.9396280403403264, 'baggingclassifier__n_estimators': 422}",0.5132879273504274,0.45876322319446255,0.48491576335379394,0.518541494347946,0.4981389578163772,0.4947294732126014,0.021507827400085777,30,0.6717588974524068,0.5857475731649168,0.6497123878982781,0.6735459441341793,0.6481372463515321,0.6457804098002626,0.03184576368159292,23
0.7881996631622314,0.0037628797230502696,0.03139996528625488,0.000489590099492047,,0.6213667959172634,0.49657565126399583,242,"{'baggingclassifier__base_estimator': None, 'baggingclassifier__max_features': 0.6213667959172634, 'baggingclassifier__max_samples': 0.49657565126399583, 'baggingclassifier__n_estimators': 242}",0.5428018162393162,0.4375408123285882,0.4540779678725349,0.5447684036393713,0.5039633305762339,0.49663046613120887,0.044283468233376436,29,0.7093439232232979,0.5594053501722899,0.608991169087323,0.6996152129533529,0.6509219072244281,0.6456555125321384,0.056176440660311695,24
1.7799999237060546,0.029664050373571515,0.05460081100463867,0.0028704318805451447,,0.47117030925381675,0.954707163734038,438,"{'baggingclassifier__base_estimator': None, 'baggingclassifier__max_features': 0.47117030925381675, 'baggingclassifier__max_samples': 0.954707163734038, 'baggingclassifier__n_estimators': 438}",0.5211004273504274,0.4668277393234948,0.4798223847459841,0.518541494347946,0.4804590570719603,0.4933502205679625,0.022168900292066133,32,0.683820795122553,0.5974611571437568,0.6462415077799692,0.6737875011847614,0.6240934990934991,0.6450808920649079,0.03173107732999584,25
10.236399412155151,0.23783025355223006,0.04119992256164551,0.0004001862206623028,LogisticRegression(),0.8739091061592249,0.3326877419579074,290,"{'baggingclassifier__base_estimator': LogisticRegression(), 'baggingclassifier__max_features': 0.8739091061592249, 'baggingclassifier__max_samples': 0.3326877419579074, 'baggingclassifier__n_estimators': 290}",0.46020299145299143,0.48282617213007706,0.5977700143659397,0.5286393713813068,0.5041701130410807,0.5147217324742791,0.04731104387515255,18,0.6131230957690736,0.6127411360902286,0.6460287679799875,0.6741855615095051,0.6686687105165364,0.6429494543730663,0.026263323700375298,26
0.9917992115020752,0.013136220072990631,0.0342003345489502,0.0024816819031063314,,0.3695677942614065,0.8474550953245599,302,"{'baggingclassifier__base_estimator': None, 'baggingclassifier__max_features': 0.3695677942614065, 'baggingclassifier__max_samples': 0.8474550953245599, 'baggingclassifier__n_estimators': 302}",0.5289129273504274,0.4192895389839362,0.46214248400156716,0.5281568789633306,0.5046526054590571,0.4886308869516637,0.04231193759674044,34,0.6942084366542186,0.5483690090696273,0.6212360289283365,0.691369881587273,0.6584438870308436,0.6427254486540598,0.054090259871851405,27
7.209000062942505,0.11390399434277698,0.03199915885925293,0.0006327114393319498,LogisticRegression(),0.7856007485886997,0.28820464319425876,222,"{'baggingclassifier__base_estimator': LogisticRegression(), 'baggingclassifier__max_features': 0.7856007485886997, 'baggingclassifier__max_samples': 0.28820464319425876, 'baggingclassifier__n_estimators': 222}",0.47763087606837606,0.48282617213007706,0.5971986417657046,0.514750482492418,0.48066583953680725,0.5106144023986766,0.04532317913262997,21,0.640145360620566,0.6127411360902286,0.6533685950233057,0.6613247863247863,0.6389996834441279,0.6413159123006029,0.016546148454271502,28
0.4773994445800781,0.009156303755830078,0.015200376510620117,0.00039994720552788215,,0.6019991709831413,0.9640901433061891,100,"{'baggingclassifier__base_estimator': None, 'baggingclassifier__max_features': 0.6019991709831413, 'baggingclassifier__max_samples': 0.9640901433061891, 'baggingclassifier__n_estimators': 100}",0.5410657051282051,0.4506987070654303,0.45917134648034474,0.5404948993658671,0.4782189137027847,0.4939299143485264,0.03927852203630457,31,0.6937786156746566,0.5740339891860768,0.6147417316982534,0.6997950747950749,0.6139677316147903,0.6392634285937704,0.049258606322213114,29
13.662400388717652,0.2481921070791554,0.03399982452392578,0.0006324851109726837,LogisticRegression(),0.4247209144952968,0.885354366800225,441,"{'baggingclassifier__base_estimator': LogisticRegression(), 'baggingclassifier__max_features': 0.4247209144952968, 'baggingclassifier__max_samples': 0.885354366800225, 'baggingclassifier__n_estimators': 441}",0.5513488247863247,0.4908906882591093,0.5795187410212876,0.4993107251171767,0.48066583953680725,0.5203469637441411,0.03833327988469974,17,0.644437959313449,0.6246876809795648,0.627756999540835,0.6448288553551711,0.6389996834441279,0.6361422357266295,0.00841380304265764,30
0.7704000473022461,0.05591633176516464,0.032000255584716794,0.002828879755526864,,0.30412323905160743,0.7599183807163699,258,"{'baggingclassifier__base_estimator': None, 'baggingclassifier__max_features': 0.30412323905160743, 'baggingclassifier__max_samples': 0.7599183807163699, 'baggingclassifier__n_estimators': 258}",0.49151976495726496,0.4192895389839362,0.4798223847459841,0.49882823269920046,0.5024124620898816,0.4783744766952534,0.030535571984380238,35,0.6516687128684927,0.5478875103041838,0.6450083636682644,0.6557279952016793,0.6510234771104336,0.6302632118306108,0.04132992858932441,31
14.789206838607788,0.37563327661188856,0.06780061721801758,0.0027859245168871402,LogisticRegression(),0.7037663928632433,0.27294199549722,489,"{'baggingclassifier__base_estimator': LogisticRegression(), 'baggingclassifier__max_features': 0.7037663928632433, 'baggingclassifier__max_samples': 0.27294199549722, 'baggingclassifier__n_estimators': 489}",0.47763087606837606,0.4908906882591093,0.5971986417657046,0.4672594430658946,0.4629859387923904,0.49919311759029494,0.049939288593810506,24,0.6416315049226442,0.6246876809795648,0.6533685950233057,0.6152531229454306,0.6142544653238674,0.6298390738389624,0.015328839698144086,32
5.115998315811157,0.06070953606487003,0.02440047264099121,0.0016253123136685645,LogisticRegression(),0.5479149840401767,0.35247006999441144,177,"{'baggingclassifier__base_estimator': LogisticRegression(), 'baggingclassifier__max_features': 0.5479149840401767, 'baggingclassifier__max_samples': 0.35247006999441144, 'baggingclassifier__n_estimators': 177}",0.48724626068376065,0.4908906882591093,0.5971986417657046,0.47153294733939893,0.4490970499035015,0.49919311759029494,0.05116921243800745,24,0.6544546616662458,0.6247908257240271,0.6533685950233057,0.6169248473045942,0.5976597476597478,0.6294397354755841,0.021847376341172158,33
10.409999418258668,0.17346917445955837,0.05060000419616699,0.00338210135179397,LogisticRegression(),0.5774051128678948,0.28971300922763765,376,"{'baggingclassifier__base_estimator': LogisticRegression(), 'baggingclassifier__max_features': 0.5774051128678948, 'baggingclassifier__max_samples': 0.28971300922763765, 'baggingclassifier__n_estimators': 376}",0.47763087606837606,0.4792836620086196,0.5971986417657046,0.47308381582575126,0.4629859387923904,0.4980365868921684,0.04990464320834677,27,0.6377030893835782,0.6149954247369224,0.6533685950233057,0.6191895061460279,0.6143716365938588,0.6279256503767385,0.015298130516919913,34
0.8685996532440186,0.04128239761770548,0.03860039710998535,0.0018547127787115084,,0.2535689240257277,0.7054496714126238,329,"{'baggingclassifier__base_estimator': None, 'baggingclassifier__max_features': 0.2535689240257277, 'baggingclassifier__max_samples': 0.7054496714126238, 'baggingclassifier__n_estimators': 329}",0.46801549145299143,0.42226067650515864,0.4570491053937573,0.5003791011855527,0.5062034739454094,0.4707815696965739,0.030598150308883857,38,0.6243958573072497,0.5544694785201114,0.6147588522588521,0.6604921004921004,0.6623383500557414,0.623290927726811,0.03929131582863003,35
0.1959993839263916,0.0055496646616659704,0.013399887084960937,0.0011999845540288335,,0.3562554748537028,0.2927820102750459,99,"{'baggingclassifier__base_estimator': None, 'baggingclassifier__max_features': 0.3562554748537028, 'baggingclassifier__max_samples': 0.2927820102750459, 'baggingclassifier__n_estimators': 99}",0.4975293803418803,0.40967415436855165,0.4409200731356928,0.5303970223325062,0.4885235732009926,0.47340884067592476,0.042838157468750415,37,0.6572618306944294,0.5300711923496734,0.5932305750598932,0.6960333114179268,0.6384667184667183,0.6230127255977282,0.057041981280811456,36
1.1802001476287842,0.03701500759504424,0.048799991607666016,0.0038677920420099486,,0.2682540385562857,0.921338883614531,402,"{'baggingclassifier__base_estimator': None, 'baggingclassifier__max_features': 0.2682540385562857, 'baggingclassifier__max_samples': 0.921338883614531, 'baggingclassifier__n_estimators': 402}",0.4722889957264957,0.40910278176831655,0.48788690087501635,0.49882823269920046,0.4820099255583127,0.4700233673254683,0.031651080534546745,39,0.6244233925591856,0.5441262147035534,0.6564821343520603,0.6571761571761573,0.6250682650682651,0.6214552327718442,0.041241991428428895,37
0.4817995071411133,0.009063976200001477,0.005199909210205078,0.0003997087585296766,LogisticRegression(),0.6063688232205544,0.405225204533019,15,"{'baggingclassifier__base_estimator': LogisticRegression(), 'baggingclassifier__max_features': 0.6063688232205544, 'baggingclassifier__max_samples': 0.405225204533019, 'baggingclassifier__n_estimators': 15}",0.46981837606837606,0.46457489878542507,0.5744253624134779,0.48542183622828783,0.4521987868762062,0.48928785207435455,0.043883324985117184,33,0.6288162865054866,0.5977708666763665,0.6223514475503865,0.6309731934731935,0.5972649572649572,0.615435350294078,0.014903043918102165,38
0.3098000049591064,0.005878237361028432,0.016800451278686523,0.0009795306359828186,,0.19903341547544962,0.6758250976067323,136,"{'baggingclassifier__base_estimator': None, 'baggingclassifier__max_features': 0.19903341547544962, 'baggingclassifier__max_samples': 0.6758250976067323, 'baggingclassifier__n_estimators': 136}",0.44631410256410253,0.39904662400417923,0.4570491053937573,0.508443617314585,0.49658808933002485,0.46148830772132976,0.0389505395414953,42,0.5959490953070113,0.5258899068708386,0.6148063585863672,0.6703258509710123,0.6471992233882097,0.6108340870246878,0.049627711577277765,39
0.38940043449401857,0.0048417038843219995,0.31999883651733396,0.00792543067206931,KNeighborsClassifier(),0.6937589515345448,0.9170481044849819,373,"{'baggingclassifier__base_estimator': KNeighborsClassifier(), 'baggingclassifier__max_features': 0.6937589515345448, 'baggingclassifier__max_samples': 0.9170481044849819, 'baggingclassifier__n_estimators': 373}",0.5174946581196581,0.36071568499412304,0.44800509337860783,0.5180590019299696,0.4643300248138958,0.4617208926472508,0.05776102174618251,41,0.6784679233364113,0.4793893771815467,0.5939124977586516,0.6817024147931203,0.6004625439919558,0.6067869514123372,0.07373788713480607,40
1.1921996116638183,0.050917129149617976,0.009599924087524414,0.0004896872689827718,LogisticRegression(),0.5898098934895103,0.2496072840973611,45,"{'baggingclassifier__base_estimator': LogisticRegression(), 'baggingclassifier__max_features': 0.5898098934895103, 'baggingclassifier__max_samples': 0.2496072840973611, 'baggingclassifier__n_estimators': 45}",0.4498530982905983,0.41703669844586655,0.5840407470288624,0.48697270471464016,0.4490970499035015,0.4774000596766938,0.05773647470166029,36,0.5982196319508203,0.538255284654237,0.6369206976781479,0.6333528428093645,0.5972776194998417,0.6008052153184823,0.03548323300114933,41
0.4329998016357422,0.021120830214421286,0.35340023040771484,0.016702381098539214,KNeighborsClassifier(),0.592625692513568,0.8362291842445977,422,"{'baggingclassifier__base_estimator': KNeighborsClassifier(), 'baggingclassifier__max_features': 0.592625692513568, 'baggingclassifier__max_samples': 0.8362291842445977, 'baggingclassifier__n_estimators': 422}",0.4939903846153846,0.37684471725218754,0.43484719864176574,0.4811483319547835,0.4885235732009926,0.45507084113302276,0.04436704598748895,44,0.6520095665869452,0.5017237830606156,0.5798278896647239,0.6333915513932038,0.6360373261969006,0.6005980233804777,0.05510357573135555,42
0.20460000038146972,0.0020593798158865797,0.16459989547729492,0.01190990660640511,KNeighborsClassifier(),0.6146713529405722,0.6308335176077289,203,"{'baggingclassifier__base_estimator': KNeighborsClassifier(), 'baggingclassifier__max_features': 0.6146713529405722, 'baggingclassifier__max_samples': 0.6308335176077289, 'baggingclassifier__n_estimators': 203}",0.5036057692307692,0.3782649862870576,0.40556027164685904,0.4833884753239592,0.4907637165701682,0.4523166438117626,0.05048567484670917,47,0.665835255970568,0.4989150090415913,0.5430824517362978,0.638360936142278,0.6451880258331871,0.5982763357447844,0.06525446748570067,43
0.11020007133483886,0.003309617687199788,0.08900136947631836,0.003522625304789394,KNeighborsClassifier(),0.7711324727677943,0.7551085421739432,105,"{'baggingclassifier__base_estimator': KNeighborsClassifier(), 'baggingclassifier__max_features': 0.7711324727677943, 'baggingclassifier__max_samples': 0.7551085421739432, 'baggingclassifier__n_estimators': 105}",0.4819043803418803,0.3717513386443777,0.4297538200339559,0.508443617314585,0.4665701681830714,0.45168466490357406,0.047384990643464145,49,0.6396566373995076,0.49538897640163465,0.5715934767658906,0.6688210340384254,0.6098666905118518,0.597065363023462,0.06018915441711776,44
0.35539779663085935,0.011960503447546384,0.27231707572937014,0.003868120016981468,KNeighborsClassifier(),0.6055548492427136,0.8095487846867692,332,"{'baggingclassifier__base_estimator': KNeighborsClassifier(), 'baggingclassifier__max_features': 0.6055548492427136, 'baggingclassifier__max_samples': 0.8095487846867692, 'baggingclassifier__n_estimators': 332}",0.5036057692307692,0.3672293326368029,0.43484719864176574,0.47308381582575126,0.4885235732009926,0.4534579379072164,0.04880842310907458,46,0.6646070720495,0.484489124412659,0.5786430120852335,0.6213786213786213,0.6360373261969006,0.5970310312245829,0.06274490819832344,45
0.4219993591308594,0.004690797635554964,0.3322000026702881,0.0075469411756871885,KNeighborsClassifier(),0.466981207561045,0.7783450235078401,422,"{'baggingclassifier__base_estimator': KNeighborsClassifier(), 'baggingclassifier__max_features': 0.466981207561045, 'baggingclassifier__max_samples': 0.7783450235078401, 'baggingclassifier__n_estimators': 422}",0.4897168803418803,0.3752938487658352,0.4267826825127335,0.48921284808381577,0.4746346843121037,0.45112818880327377,0.04435230439050475,51,0.6501215938143045,0.49701310237619367,0.5684974747474747,0.6453429634881248,0.6216126099173457,0.5965175488686887,0.057573146972982804,46
0.21980023384094238,0.0017202240609436705,0.17440056800842285,0.0037196660226100683,KNeighborsClassifier(),0.46023562711477095,0.705834696493125,223,"{'baggingclassifier__base_estimator': KNeighborsClassifier(), 'baggingclassifier__max_features': 0.46023562711477095, 'baggingclassifier__max_samples': 0.705834696493125, 'baggingclassifier__n_estimators': 223}",0.4975293803418803,0.3621359540289931,0.4267826825127335,0.48921284808381577,0.4804590570719603,0.4512239844078766,0.0509432769357971,50,0.6630363540693316,0.47757693926914446,0.568581343795717,0.6453429634881248,0.625040848590834,0.5959156898426303,0.06715316847249181,47
0.447599458694458,0.009199761346485374,0.2722000598907471,0.007493594459653136,KNeighborsClassifier(),0.22498256913415426,0.6410425239333446,327,"{'baggingclassifier__base_estimator': KNeighborsClassifier(), 'baggingclassifier__max_features': 0.22498256913415426, 'baggingclassifier__max_samples': 0.6410425239333446, 'baggingclassifier__n_estimators': 327}",0.46975160256410253,0.4075519132819642,0.3953735144312394,0.47377309070857454,0.49882823269920046,0.44905567073701624,0.04030115670063802,54,0.6313612290765733,0.5355844071432053,0.5304736370415952,0.6263511703539265,0.6556432171816787,0.5958827321593959,0.05229264338987318,48
0.18759965896606445,0.009851322511297176,0.14300012588500977,0.0053290203852645645,KNeighborsClassifier(),0.6839698131007658,0.599525529078944,194,"{'baggingclassifier__base_estimator': KNeighborsClassifier(), 'baggingclassifier__max_features': 0.6839698131007658, 'baggingclassifier__max_samples': 0.599525529078944, 'baggingclassifier__n_estimators': 194}",0.4975293803418803,0.3943940185451221,0.3908515084236646,0.47377309070857454,0.4907637165701682,0.449462342917882,0.047063799846082374,52,0.6630363540693316,0.5170466676833918,0.5241975600398538,0.6244348119873772,0.6451880258331871,0.5947806839226283,0.06181206774518555,49
0.14939966201782226,0.005083209627133302,0.11440029144287109,0.0032619280000938367,KNeighborsClassifier(),0.9900689847077473,0.6317315857657839,140,"{'baggingclassifier__base_estimator': KNeighborsClassifier(), 'baggingclassifier__max_features': 0.9900689847077473, 'baggingclassifier__max_samples': 0.6317315857657839, 'baggingclassifier__n_estimators': 140}",0.4722889957264957,0.3863295024160899,0.41716729789734885,0.4795974634684312,0.4907637165701682,0.4492293952157068,0.040406532130709084,53,0.6248051381181019,0.5067354666472949,0.55542066934472,0.6298828743273187,0.6451880258331871,0.5924064348541245,0.05281575045167603,50
10.582007789611817,0.2241772078907992,0.05419931411743164,0.004489837675340505,LogisticRegression(),0.8172637619541651,0.16109921495114665,353,"{'baggingclassifier__base_estimator': LogisticRegression(), 'baggingclassifier__max_features': 0.8172637619541651, 'baggingclassifier__max_samples': 0.16109921495114665, 'baggingclassifier__n_estimators': 353}",0.4316907051282051,0.4565103826563928,0.5708828522920204,0.4533705541770057,0.4352081610146127,0.46953253105364734,0.05160007679938215,40,0.57927413898432,0.5854170169496954,0.6194929302078166,0.5981605351170569,0.5771498490904641,0.5918988940698706,0.015617762187726009,51
0.020598316192626955,0.0022435022215679494,0.01880059242248535,0.004956006171320529,KNeighborsClassifier(),0.2946177442083213,0.7037708082857792,15,"{'baggingclassifier__base_estimator': KNeighborsClassifier(), 'baggingclassifier__max_features': 0.2946177442083213, 'baggingclassifier__max_samples': 0.7037708082857792, 'baggingclassifier__n_estimators': 15}",0.4402377136752137,0.3914228810238997,0.4318760611205433,0.5031017369727047,0.4746346843121037,0.448254615420893,0.038122142034161706,55,0.5926517795814233,0.5121398432790838,0.5711492998727041,0.6602313009571074,0.6198987974128431,0.5912142042206323,0.04948451696492215,52
0.09099984169006348,0.0006324851900610364,0.07479987144470215,0.0007485448972156628,KNeighborsClassifier(),0.9011858997245443,0.7983675523166278,87,"{'baggingclassifier__base_estimator': KNeighborsClassifier(), 'baggingclassifier__max_features': 0.9011858997245443, 'baggingclassifier__max_samples': 0.7983675523166278, 'baggingclassifier__n_estimators': 87}",0.5174946581196581,0.3460069217709285,0.42168930390492365,0.47308381582575126,0.4746346843121037,0.44658187678667305,0.05874163276648322,56,0.6784679233364113,0.46331662231631354,0.5616935338454326,0.623090683913582,0.6216126099173457,0.589636274665817,0.07317130127861002,53
0.23340020179748536,0.012564431478512066,0.12139968872070313,0.0010196275351370201,KNeighborsClassifier(),0.2176643140390695,0.8394909577598304,141,"{'baggingclassifier__base_estimator': KNeighborsClassifier(), 'baggingclassifier__max_features': 0.2176643140390695, 'baggingclassifier__max_samples': 0.8394909577598304, 'baggingclassifier__n_estimators': 141}",0.4445112179487179,0.38335836489486746,0.4267826825127335,0.4795974634684312,0.49658808933002485,0.44616756363095494,0.03995822858378544,57,0.593454597028685,0.5048565913322742,0.5698487558952675,0.6313327052027987,0.6470992379846189,0.589318377488729,0.05026688645763675,54
0.12619976997375487,0.00479153710759627,0.10739974975585938,0.0019601262499781796,KNeighborsClassifier(),0.3067723035183272,0.971909114344009,127,"{'baggingclassifier__base_estimator': KNeighborsClassifier(), 'baggingclassifier__max_features': 0.3067723035183272, 'baggingclassifier__max_samples': 0.971909114344009, 'baggingclassifier__n_estimators': 127}",0.4662126068376068,0.3687802011231553,0.43484719864176574,0.47308381582575126,0.4804590570719603,0.44467657590004783,0.04100739989104017,59,0.621287075396512,0.4908236424136394,0.5797859442343546,0.6266640336407778,0.6240934990934991,0.5885308389557565,0.05179765206750071,55
0.37280073165893557,0.008084394287420768,0.28799939155578613,0.008602522177673027,KNeighborsClassifier(),0.9705615663421675,0.6563078335199216,351,"{'baggingclassifier__base_estimator': KNeighborsClassifier(), 'baggingclassifier__max_features': 0.9705615663421675, 'baggingclassifier__max_samples': 0.6563078335199216, 'baggingclassifier__n_estimators': 351}",0.4957932692307692,0.3702004701580254,0.39240237691001695,0.49882823269920046,0.4665701681830714,0.4447589034362167,0.053486252386282775,58,0.6554878048780488,0.49138582936051295,0.526563714063714,0.6589570956517125,0.6098666905118518,0.588452226893168,0.06808136020484823,56
0.44719953536987306,0.013060606173018546,0.233599853515625,0.012530076611400513,KNeighborsClassifier(),0.12167237112530083,0.7963530121895138,333,"{'baggingclassifier__base_estimator': KNeighborsClassifier(), 'baggingclassifier__max_features': 0.12167237112530083, 'baggingclassifier__max_samples': 0.7963530121895138, 'baggingclassifier__n_estimators': 333}",0.44631410256410253,0.4075519132819642,0.4187181663837012,0.461435070306038,0.48269920044113596,0.44334369059538836,0.027467964206586752,60,0.5973057459663289,0.5322784810126583,0.5587423412500812,0.6162354378463284,0.6336822597692163,0.5876488531689226,0.03723167326157767,57
0.10300016403198242,0.0008950025269490771,0.009800291061401368,0.0004002335634410571,,0.12162856785684051,0.35408012370555475,58,"{'baggingclassifier__base_estimator': None, 'baggingclassifier__max_features': 0.12162856785684051, 'baggingclassifier__max_samples': 0.35408012370555475, 'baggingclassifier__n_estimators': 58}",0.44631410256410253,0.3651070915502155,0.38376648818074965,0.4961055969120485,0.4907637165701682,0.4364113991554569,0.053798561548706735,65,0.5973036945559329,0.48572524521891614,0.5121736377775025,0.6614093762835181,0.6468531468531469,0.5806930201378033,0.07054359085436299,58
0.0301999568939209,0.0007484685416592259,0.023000049591064452,0.0031622294146870966,KNeighborsClassifier(),0.3517043226794305,0.3896507289965274,28,"{'baggingclassifier__base_estimator': KNeighborsClassifier(), 'baggingclassifier__max_features': 0.3517043226794305, 'baggingclassifier__max_samples': 0.3896507289965274, 'baggingclassifier__n_estimators': 28}",0.46193910256410253,0.350398328327021,0.3973651560663445,0.48493934381031156,0.4768748276812793,0.4343033516898117,0.05204719441801504,66,0.6195960303336995,0.4610538710627024,0.5315687896333057,0.644051580075816,0.631843262223009,0.5776227066657065,0.070460883439089,59
0.30160045623779297,0.004715732246746952,0.17439961433410645,0.0018548772573081136,KNeighborsClassifier(),0.16076954068214244,0.4849539344416204,250,"{'baggingclassifier__base_estimator': KNeighborsClassifier(), 'baggingclassifier__max_features': 0.16076954068214244, 'baggingclassifier__max_samples': 0.4849539344416204, 'baggingclassifier__n_estimators': 250}",0.46193910256410253,0.36652736058508556,0.38730899830220716,0.44599531293079675,0.5068927488282327,0.43373270464208497,0.05093148984910521,67,0.6195960303336995,0.48091463928262385,0.5193109005369541,0.5947751435556313,0.6662080406296906,0.5761609508677198,0.06729838150418609,60
0.08199877738952636,0.003740621795898344,0.0517998218536377,0.0011659832703206276,KNeighborsClassifier(),0.22152295131210853,0.49493260950692985,65,"{'baggingclassifier__base_estimator': KNeighborsClassifier(), 'baggingclassifier__max_features': 0.22152295131210853, 'baggingclassifier__max_samples': 0.49493260950692985, 'baggingclassifier__n_estimators': 65}",0.46193910256410253,0.3767141178007052,0.3776936136868225,0.461435070306038,0.4907637165701682,0.43370912418556723,0.04734354116233012,68,0.6214348830524534,0.4942491441492108,0.5046395651607195,0.6147226267708196,0.6440052700922266,0.575810297845086,0.06318832382741106,61
12.56619997024536,0.3590036255891375,0.06200003623962402,0.0018975308404258853,LogisticRegression(),0.9603875824514118,0.0990592194401827,425,"{'baggingclassifier__base_estimator': LogisticRegression(), 'baggingclassifier__max_features': 0.9603875824514118, 'baggingclassifier__max_samples': 0.0990592194401827, 'baggingclassifier__n_estimators': 425}",0.4576655982905983,0.4089721823168343,0.5577249575551783,0.4453060380479735,0.41325475599669154,0.45658470644145516,0.05385566663282502,43,0.6094189794795188,0.5287244401168453,0.5990326723085344,0.5869951038278537,0.5463687411014863,0.5741079873668478,0.031187548792640216,62
13.031399059295655,0.29169000498012543,0.06580042839050293,0.0037632218726102243,LogisticRegression(),0.2824050301341191,0.6590557601805758,491,"{'baggingclassifier__base_estimator': LogisticRegression(), 'baggingclassifier__max_features': 0.2824050301341191, 'baggingclassifier__max_samples': 0.6590557601805758, 'baggingclassifier__n_estimators': 491}",0.42988782051282054,0.43019459318270864,0.5577249575551783,0.44375516956162114,0.41325475599669154,0.45496345936180405,0.05228279182115903,45,0.5777183740860131,0.555507056598283,0.6009508783899027,0.5861049519586106,0.5481491182119783,0.5736860758489575,0.01947547337943531,63
0.3997999668121338,0.013121232571702045,0.285399866104126,0.005606779534057273,KNeighborsClassifier(),0.8699155645565767,0.3971845464259395,402,"{'baggingclassifier__base_estimator': KNeighborsClassifier(), 'baggingclassifier__max_features': 0.8699155645565767, 'baggingclassifier__max_samples': 0.3971845464259395, 'baggingclassifier__n_estimators': 402}",0.44631410256410253,0.3716207391928954,0.3696290975577902,0.4679487179487179,0.49882823269920046,0.4308681779925413,0.0519472733487635,70,0.5995957876821616,0.4884356507426421,0.5013501880033046,0.6216416869738989,0.6570601992438222,0.573616702529166,0.06696624499768114,64
2.4812002182006836,0.04699575601823664,0.01659998893737793,0.0004897657009977227,LogisticRegression(),0.397667967711007,0.3725588080789557,101,"{'baggingclassifier__base_estimator': LogisticRegression(), 'baggingclassifier__max_features': 0.397667967711007, 'baggingclassifier__max_samples': 0.3725588080789557, 'baggingclassifier__n_estimators': 101}",0.4395032051282051,0.4089721823168343,0.5577249575551783,0.42762613730355664,0.42714364488558043,0.452194025437871,0.05366016207514512,48,0.59033788522396,0.5282578932858591,0.6009508783899027,0.5627490383752166,0.5674562906164179,0.5699503971782713,0.02519136566816824,65
0.0828005313873291,0.0022265250193836236,0.05400099754333496,0.0026055356601955336,KNeighborsClassifier(),0.4813656090681323,0.3142623578449837,83,"{'baggingclassifier__base_estimator': KNeighborsClassifier(), 'baggingclassifier__max_features': 0.4813656090681323, 'baggingclassifier__max_samples': 0.3142623578449837, 'baggingclassifier__n_estimators': 83}",0.46975160256410253,0.3584628444560533,0.37317160767924773,0.44017094017094016,0.4930038599393438,0.4269121709619375,0.0528251486583243,71,0.6313612290765733,0.47255218201619026,0.4981387176509128,0.5873900656509352,0.6562051544162457,0.5691294697621714,0.07232603332306618,66
0.30519981384277345,0.006794050813043744,0.19319968223571776,0.009907478529311571,KNeighborsClassifier(),0.8819898637208106,0.28640665983803615,319,"{'baggingclassifier__base_estimator': KNeighborsClassifier(), 'baggingclassifier__max_features': 0.8819898637208106, 'baggingclassifier__max_samples': 0.28640665983803615, 'baggingclassifier__n_estimators': 319}",0.45412660256410253,0.3584628444560533,0.3716207391928954,0.454059829059829,0.4791149710504549,0.423476997264667,0.04875695560479208,73,0.6116464722408275,0.4745065252239187,0.4967877650804479,0.6063526361279171,0.6384536751263048,0.5655494147598832,0.06651593036811629,67
0.34839959144592286,0.014840066938752656,0.22720012664794922,0.006431489455040046,KNeighborsClassifier(),0.7062052742329088,0.2977152761068119,356,"{'baggingclassifier__base_estimator': KNeighborsClassifier(), 'baggingclassifier__max_features': 0.7062052742329088, 'baggingclassifier__max_samples': 0.2977152761068119, 'baggingclassifier__n_estimators': 356}",0.45412660256410253,0.3584628444560533,0.3569119759697009,0.454059829059829,0.48493934381031156,0.42170011917199945,0.053468277689035976,74,0.6116464722408275,0.47255218201619026,0.4705960973001871,0.6063526361279171,0.6445598266358334,0.5611414428641911,0.07429663987104387,68
0.22419977188110352,0.005564991655546457,0.0048004150390625,0.0007480355711047779,LogisticRegression(),0.16199738583909906,0.7785520673831178,10,"{'baggingclassifier__base_estimator': LogisticRegression(), 'baggingclassifier__max_features': 0.16199738583909906, 'baggingclassifier__max_samples': 0.7785520673831178, 'baggingclassifier__n_estimators': 10}",0.42741720085470086,0.3973651560663445,0.41956706281833617,0.4533705541770057,0.4228701406120761,0.4241180229056926,0.017914125672092957,72,0.565587921305475,0.5152082186754723,0.5628205128205128,0.5981605351170569,0.5599081732180269,0.5603370722273088,0.026461861670929634,69
0.3063997268676758,0.008546031691439436,0.19760007858276368,0.006829955248322397,KNeighborsClassifier(),0.7194386180345054,0.2801477319185516,316,"{'baggingclassifier__base_estimator': KNeighborsClassifier(), 'baggingclassifier__max_features': 0.7194386180345054, 'baggingclassifier__max_samples': 0.2801477319185516, 'baggingclassifier__n_estimators': 316}",0.45412660256410253,0.3584628444560533,0.3569119759697009,0.454059829059829,0.4791149710504549,0.42053524462002817,0.05212439853834333,76,0.6116464722408275,0.47255218201619026,0.472404774607957,0.6063526361279171,0.6370762570762571,0.5600064644138298,0.07221733662838035,70
0.5755999088287354,0.01796235448746965,0.043600273132324216,0.0004896483431334989,,0.21905860127343257,0.10366741164247484,380,"{'baggingclassifier__base_estimator': None, 'baggingclassifier__max_features': 0.21905860127343257, 'baggingclassifier__max_samples': 0.10366741164247484, 'baggingclassifier__n_estimators': 380}",0.41072382478632474,0.3549203343345958,0.37867310957293976,0.4513371932726772,0.4907637165701682,0.41728363570734117,0.048952941223721985,77,0.5479487381083419,0.4670906861216769,0.5070182965163497,0.6004340487099109,0.6460847040506578,0.5537152947013875,0.06392563708820471,71
6.45120005607605,0.12333051586726859,0.040199995040893555,0.0011659342701459327,LogisticRegression(),0.2329007544810291,0.5897614960762778,285,"{'baggingclassifier__base_estimator': LogisticRegression(), 'baggingclassifier__max_features': 0.2329007544810291, 'baggingclassifier__max_samples': 0.5897614960762778, 'baggingclassifier__n_estimators': 285}",0.42207532051282054,0.39581428757999215,0.5445670628183361,0.4159773917838434,0.41325475599669154,0.43833776373833677,0.05382661159424977,62,0.5659045147329552,0.5124705572187283,0.5811373111288514,0.5509246309246308,0.5481491182119783,0.5517172264434288,0.022893148237620748,72
7.605399465560913,0.11790595818716744,0.039799976348876956,0.00391938621215485,LogisticRegression(),0.2326371054480285,0.7256196464274591,310,"{'baggingclassifier__base_estimator': LogisticRegression(), 'baggingclassifier__max_features': 0.2326371054480285, 'baggingclassifier__max_samples': 0.7256196464274591, 'baggingclassifier__n_estimators': 310}",0.42207532051282054,0.38265639284315006,0.5445670628183361,0.42986628067273225,0.41325475599669154,0.4384839625687461,0.05540823501911359,61,0.5659045147329552,0.49359541696682785,0.5811373111288514,0.5675844411304073,0.5489947521548795,0.5514432872227844,0.0306717147333934,73
0.08979959487915039,0.002227149882135093,0.008799886703491211,0.0003998761241881718,,0.03698165486796268,0.46511151280404983,53,"{'baggingclassifier__base_estimator': None, 'baggingclassifier__max_features': 0.03698165486796268, 'baggingclassifier__max_samples': 0.46511151280404983, 'baggingclassifier__n_estimators': 53}",0.43603098290598286,0.36071568499412304,0.39550411388272166,0.44840777502067825,0.443927488282327,0.41691720901716656,0.03377478121683633,78,0.5832746623957281,0.47277290522527593,0.5325874658066438,0.5919318776461634,0.5753749395258829,0.5511883701199388,0.04420301454220947,74
4.462599611282348,0.14562782702328375,0.026200342178344726,0.0003999235093614491,LogisticRegression(),0.18900547380837696,0.8764311628549047,186,"{'baggingclassifier__base_estimator': LogisticRegression(), 'baggingclassifier__max_features': 0.18900547380837696, 'baggingclassifier__max_samples': 0.8764311628549047, 'baggingclassifier__n_estimators': 186}",0.42207532051282054,0.3907209089721823,0.5445670628183361,0.4159773917838434,0.41325475599669154,0.43731908801677477,0.054663426366619874,64,0.5655731508870717,0.5065511880968244,0.5811373111288514,0.5509246309246308,0.5472922349518093,0.5502957031978375,0.02493031953538043,75
2.188200664520264,0.08028794355937151,0.013399457931518555,0.0010197956630912082,LogisticRegression(),0.9784846129205863,0.05424436818654532,79,"{'baggingclassifier__base_estimator': LogisticRegression(), 'baggingclassifier__max_features': 0.9784846129205863, 'baggingclassifier__max_samples': 0.05424436818654532, 'baggingclassifier__n_estimators': 79}",0.44130608974358976,0.3644051194984981,0.4064091680814941,0.43365729252826024,0.4374483043837883,0.4166451948471261,0.028858767428212556,79,0.5821586923066256,0.46688100643796837,0.5422574638293702,0.5755784491881559,0.5823564067697816,0.5498464037063804,0.04405444724612116,76
2.7285993099212646,0.02984329418735688,0.01880054473876953,0.001720063395209455,LogisticRegression(),0.5696632246965294,0.09869564128246888,112,"{'baggingclassifier__base_estimator': LogisticRegression(), 'baggingclassifier__max_features': 0.5696632246965294, 'baggingclassifier__max_samples': 0.09869564128246888, 'baggingclassifier__n_estimators': 112}",0.4316907051282051,0.3775630142353402,0.5314091680814941,0.4352081610146127,0.41325475599669154,0.43782516089126877,0.051064033827945186,63,0.5701917130488559,0.48468170977802244,0.557811102754923,0.5752930688063019,0.5497263937161636,0.5475407976208533,0.032694872527503964,77
11.22319860458374,0.3779608941281977,0.04440054893493652,0.008913273946029523,LogisticRegression(),0.9775556012536368,0.06501163831377876,386,"{'baggingclassifier__base_estimator': LogisticRegression(), 'baggingclassifier__max_features': 0.9775556012536368, 'baggingclassifier__max_samples': 0.06501163831377876, 'baggingclassifier__n_estimators': 386}",0.42207532051282054,0.3907209089721823,0.39325127334465193,0.4352081610146127,0.42938378825475604,0.4141278904198047,0.018568800678428702,80,0.5585344759808162,0.5048614933039809,0.5201530353704267,0.5752930688063019,0.5737924865831843,0.546526912008942,0.028798171508260247,78
1.9978001117706299,0.05071276450158735,0.015599679946899415,0.0017433184072268627,LogisticRegression(),0.1973981745352773,0.7427081152884314,89,"{'baggingclassifier__base_estimator': LogisticRegression(), 'baggingclassifier__max_features': 0.1973981745352773, 'baggingclassifier__max_samples': 0.7427081152884314, 'baggingclassifier__n_estimators': 89}",0.40818643162393164,0.3775630142353402,0.5314091680814941,0.4159773917838434,0.4228701406120761,0.4312012292673371,0.05243956958189705,69,0.54249547920434,0.48642995326581534,0.5598669623059866,0.5509246309246308,0.5580378588066817,0.5395509769014909,0.027255741843816055,79
0.04179959297180176,0.0014709830264314036,0.02879962921142578,0.0019375592966319004,KNeighborsClassifier(),0.9159175686878798,0.25685749406132574,38,"{'baggingclassifier__base_estimator': KNeighborsClassifier(), 'baggingclassifier__max_features': 0.9159175686878798, 'baggingclassifier__max_samples': 0.25685749406132574, 'baggingclassifier__n_estimators': 38}",0.46193910256410253,0.34884745984066867,0.36949849810630797,0.39471326164874554,0.4417218086572925,0.40334402616342346,0.042652368689420676,82,0.6214348830524534,0.45750423664759843,0.4907937394325778,0.5233775885949798,0.5921043104309514,0.5370429516317122,0.06132844410064873,80
0.18780021667480468,0.0023146083403423486,0.11759958267211915,0.0037208426699977828,KNeighborsClassifier(),0.5964986922272179,0.26587055910048574,197,"{'baggingclassifier__base_estimator': KNeighborsClassifier(), 'baggingclassifier__max_features': 0.5964986922272179, 'baggingclassifier__max_samples': 0.26587055910048574, 'baggingclassifier__n_estimators': 197}",0.4402377136752137,0.3356895651038266,0.34884745984066867,0.4166666666666667,0.47105045492142267,0.40249837204155964,0.052280443018635755,83,0.5952454461253472,0.44298229332937383,0.4638938610575482,0.553113553113553,0.628352407842461,0.5367175122936567,0.07236142443188243,81
3.766799545288086,0.09711895226564604,0.026400375366210937,0.0008005859792975925,LogisticRegression(),0.1514735233870409,0.8042514367033443,180,"{'baggingclassifier__base_estimator': LogisticRegression(), 'baggingclassifier__max_features': 0.1514735233870409, 'baggingclassifier__max_samples': 0.8042514367033443, 'baggingclassifier__n_estimators': 180}",0.398571047008547,0.36949849810630797,0.39325127334465193,0.42404190791287566,0.41325475599669154,0.3997234964738148,0.018607785776466504,85,0.530251330031187,0.47468354430379744,0.5177168047712137,0.56209197095654,0.547579232361841,0.5264645764849158,0.029957564105764497,82
5.974516773223877,0.17536085384524538,0.04100041389465332,0.0010962368602378404,LogisticRegression(),0.17512543253038237,0.5819076261523971,306,"{'baggingclassifier__base_estimator': LogisticRegression(), 'baggingclassifier__max_features': 0.17512543253038237, 'baggingclassifier__max_samples': 0.5819076261523971, 'baggingclassifier__n_estimators': 306}",0.38895566239316237,0.36949849810630797,0.5182512733446519,0.4159773917838434,0.41325475599669154,0.42118751632493145,0.051423912770668025,75,0.5159420289855071,0.47624289121262153,0.536919823974233,0.5509246309246308,0.547579232361841,0.5255217214917668,0.027502479727594856,83
6.840799379348755,0.18356214079079922,0.04860048294067383,0.0004900191344399408,LogisticRegression(),0.3028394188384784,0.16362957701102576,361,"{'baggingclassifier__base_estimator': LogisticRegression(), 'baggingclassifier__max_features': 0.3028394188384784, 'baggingclassifier__max_samples': 0.16362957701102576, 'baggingclassifier__n_estimators': 361}",0.398571047008547,0.3563406033694658,0.39325127334465193,0.425592776399228,0.39936586710780264,0.39462431344593907,0.02220194780180774,87,0.5288245573378263,0.4530111238971998,0.5177168047712137,0.5641025641025641,0.5263307877118618,0.5179971675641332,0.03615426298189548,84
0.2723995685577393,0.004454284820562158,0.16940016746520997,0.00833294679551717,KNeighborsClassifier(),0.8496300036952633,0.16175555156411314,293,"{'baggingclassifier__base_estimator': KNeighborsClassifier(), 'baggingclassifier__max_features': 0.8496300036952633, 'baggingclassifier__max_samples': 0.16175555156411314, 'baggingclassifier__n_estimators': 293}",0.414196047008547,0.34375408123285883,0.35789147185581816,0.3615936035290874,0.422008547008547,0.3798887501269717,0.03186024119535041,90,0.55248548919435,0.44894978439282235,0.4806947438526386,0.47118836592520796,0.557893520406776,0.5022423807543589,0.04447510002312912,85
0.2637993335723877,0.01160044343806874,0.1593994140625,0.007001940560485998,KNeighborsClassifier(),0.27758964254383267,0.19169785531278138,249,"{'baggingclassifier__base_estimator': KNeighborsClassifier(), 'baggingclassifier__max_features': 0.27758964254383267, 'baggingclassifier__max_samples': 0.19169785531278138, 'baggingclassifier__n_estimators': 249}",0.4358974358974359,0.34375408123285883,0.32705367637455923,0.37120898814447206,0.422008547008547,0.3799845457315746,0.042623002873268645,89,0.5819639908797862,0.4483275240017123,0.4270803982342443,0.4818876159301691,0.557893520406776,0.49943060989053756,0.06063580795983638,86
6.649599599838257,0.1473033804706866,0.055800342559814455,0.001720240752146339,LogisticRegression(),0.19875329498627847,0.22544039825219975,429,"{'baggingclassifier__base_estimator': LogisticRegression(), 'baggingclassifier__max_features': 0.19875329498627847, 'baggingclassifier__max_samples': 0.22544039825219975, 'baggingclassifier__n_estimators': 429}",0.38895566239316237,0.34318270863262373,0.5182512733446519,0.3978149986214502,0.37158808933002485,0.4039585464643826,0.060111905788321596,81,0.5143254476208537,0.4281744806598156,0.5393560545734459,0.5219990737232117,0.4785684081036405,0.49648469293619346,0.03948292837857964,87
0.9021998405456543,0.04131599663162153,0.01199946403503418,0.0045167097698117845,LogisticRegression(),0.34700476620209597,0.07931268120152357,50,"{'baggingclassifier__base_estimator': LogisticRegression(), 'baggingclassifier__max_features': 0.34700476620209597, 'baggingclassifier__max_samples': 0.07931268120152357, 'baggingclassifier__n_estimators': 50}",0.3871527777777778,0.34318270863262373,0.5050933786078099,0.3978149986214502,0.37158808933002485,0.4009663905939373,0.0552181406593877,84,0.5113085410278586,0.4281744806598156,0.5120324296888453,0.5219990737232117,0.4785684081036405,0.4904165866406743,0.03439660160741428,88
0.9075985431671143,0.030742849492070283,0.010000276565551757,1.784161275279017e-07,LogisticRegression(),0.0960052684689282,0.5874459380380614,66,"{'baggingclassifier__base_estimator': LogisticRegression(), 'baggingclassifier__max_features': 0.0960052684689282, 'baggingclassifier__max_samples': 0.5874459380380614, 'baggingclassifier__n_estimators': 66}",0.3846821581196581,0.3284739454094293,0.5050933786078099,0.39199062586159356,0.38771712158808935,0.399591445917316,0.05763577983570153,86,0.5044340809830483,0.39614406722049245,0.5098478444632291,0.5076895813737918,0.5014274115397711,0.48390859711606654,0.04397544046346893,89
0.47059993743896483,0.013602942050499306,0.27320022583007814,0.002314999583878079,KNeighborsClassifier(),0.8534360888062009,0.14426377974958537,491,"{'baggingclassifier__base_estimator': KNeighborsClassifier(), 'baggingclassifier__max_features': 0.8534360888062009, 'baggingclassifier__max_samples': 0.14426377974958537, 'baggingclassifier__n_estimators': 491}",0.3985042735042735,0.34672521875408124,0.3351181925035915,0.3696581196581197,0.3942307692307692,0.368847314730167,0.02510598807971838,91,0.5216294827838351,0.4473132197582564,0.4397955647955648,0.4779524717024717,0.5060410096735992,0.47854634974274546,0.03190484950952404,90
0.32559947967529296,0.006312097867958705,0.1688000202178955,0.0037095822976787266,KNeighborsClassifier(),0.023900397551576802,0.9662287403884727,273,"{'baggingclassifier__base_estimator': KNeighborsClassifier(), 'baggingclassifier__max_features': 0.023900397551576802, 'baggingclassifier__max_samples': 0.9662287403884727, 'baggingclassifier__n_estimators': 273}",0.36451655982905984,0.34091354316311867,0.287302468329633,0.40363937138130684,0.3830300523848911,0.35588039901760193,0.04004883455077112,95,0.4817909217845125,0.44596110191989535,0.3855032917532918,0.5315393788917857,0.5039031339031339,0.4697395656505239,0.05058214442775658,91
0.7731998443603516,0.03624615451277943,0.009399843215942384,0.0004891423226998075,LogisticRegression(),0.0999319356170918,0.6024480120647602,49,"{'baggingclassifier__base_estimator': LogisticRegression(), 'baggingclassifier__max_features': 0.0999319356170918, 'baggingclassifier__max_samples': 0.6024480120647602, 'baggingclassifier__n_estimators': 49}",0.3515625,0.320409429280397,0.39325127334465193,0.37586159360352905,0.37158808933002485,0.3625345771117205,0.02489178754321395,92,0.4543651047599544,0.3876748834110593,0.5177168047712137,0.4871525775573751,0.4785684081036405,0.4650955557206486,0.0436946882217278,92
2.620399808883667,0.07004733103769352,0.03339991569519043,0.0034986365090124176,LogisticRegression(),0.05530477345447549,0.32247320456602013,253,"{'baggingclassifier__base_estimator': LogisticRegression(), 'baggingclassifier__max_features': 0.05530477345447549, 'baggingclassifier__max_samples': 0.32247320456602013, 'baggingclassifier__n_estimators': 253}",0.3654513888888889,0.3284739454094293,0.49193548387096775,0.3588709677419355,0.3957816377171216,0.38810268472566867,0.05614869104572142,88,0.47834911541951464,0.3979307270446511,0.48264054785793914,0.45421245421245426,0.501994301994302,0.4630254293057722,0.03592528375114761,93
0.46120033264160154,0.011124392655909723,0.2649999618530273,0.0020977157281284876,KNeighborsClassifier(),0.6900815932999732,0.11650389102587444,498,"{'baggingclassifier__base_estimator': KNeighborsClassifier(), 'baggingclassifier__max_features': 0.6900815932999732, 'baggingclassifier__max_samples': 0.11650389102587444, 'baggingclassifier__n_estimators': 498}",0.375,0.34672521875408124,0.3366690609899438,0.34615384615384615,0.3846153846153846,0.35783270210265117,0.01854561817483239,94,0.4811823045804515,0.446421036769138,0.44831071762245855,0.43408443408443415,0.49271255060728747,0.46054220873275387,0.022405245656653843,94
4.0209996700286865,0.08419421432506084,0.039200115203857425,0.001469639339108343,LogisticRegression(),0.2929564146991789,0.023648428524066234,279,"{'baggingclassifier__base_estimator': LogisticRegression(), 'baggingclassifier__max_features': 0.2929564146991789, 'baggingclassifier__max_samples': 0.023648428524066234, 'baggingclassifier__n_estimators': 279}",0.375,0.3269230769230769,0.3557692307692308,0.35732009925558317,0.3957816377171216,0.3621588089330025,0.02280871515098524,93,0.4839404116076811,0.39339786547530403,0.4496372353515211,0.4510121457489878,0.5072593399185917,0.45704939962041713,0.03843714620761827,95
0.03759951591491699,0.0004897457332026785,0.021600103378295897,0.0004901546112107904,KNeighborsClassifier(),0.9086703995266842,0.09229959067385152,35,"{'baggingclassifier__base_estimator': KNeighborsClassifier(), 'baggingclassifier__max_features': 0.9086703995266842, 'baggingclassifier__max_samples': 0.09229959067385152, 'baggingclassifier__n_estimators': 35}",0.375,0.3269230769230769,0.3569119759697009,0.3342983181692859,0.375,0.3536266742124128,0.020055417091658936,96,0.4839404116076811,0.39339786547530403,0.48123249299719884,0.4341405352847001,0.4788995726495727,0.45432217560289134,0.035565499300145624,96
0.4555972576141357,0.016607954264613853,0.2358006477355957,0.006881087052518511,KNeighborsClassifier(),0.00433322993363261,0.45112703301546586,399,"{'baggingclassifier__base_estimator': KNeighborsClassifier(), 'baggingclassifier__max_features': 0.00433322993363261, 'baggingclassifier__max_samples': 0.45112703301546586, 'baggingclassifier__n_estimators': 399}",0.3367387820512821,0.3014398589525924,0.287302468329633,0.3832368348497381,0.3734146677695065,0.33642652239055043,0.03793854257374201,97,0.4506532458949723,0.3888736011740965,0.3852846476559291,0.49962833914053423,0.4946360181880918,0.4438151704107248,0.04937413446924134,97
0.2435990333557129,0.006312659914410137,0.018600082397460936,0.0008001210236854986,,0.01115332184437956,0.8407870210061695,152,"{'baggingclassifier__base_estimator': None, 'baggingclassifier__max_features': 0.01115332184437956, 'baggingclassifier__max_samples': 0.8407870210061695, 'baggingclassifier__n_estimators': 152}",0.36278044871794873,0.3182708632623743,0.3111858430194593,0.3306796250344637,0.3365039977943204,0.33188415556571327,0.01783881518579846,99,0.4793617700244654,0.42346965418480664,0.4238212155491567,0.43522955741000857,0.44251012145748986,0.44087846372518547,0.020540465808686296,98
0.10240092277526855,0.003137455732354038,0.05519909858703613,0.0027128409904529165,KNeighborsClassifier(),0.0038500344287968336,0.5370552444957798,92,"{'baggingclassifier__base_estimator': KNeighborsClassifier(), 'baggingclassifier__max_features': 0.0038500344287968336, 'baggingclassifier__max_samples': 0.5370552444957798, 'baggingclassifier__n_estimators': 92}",0.37059294871794873,0.29846872143137,0.2484001567193418,0.3559415494899366,0.32999035015164047,0.32067874530204754,0.04367854982610215,100,0.4893951791768706,0.388317319174735,0.3336216654189005,0.46612753859130673,0.4367417056204242,0.42284068159644744,0.055943519743007625,99
0.41159906387329104,0.00546366548224491,0.22680039405822755,0.006553808117112481,KNeighborsClassifier(),0.2554632268831327,0.04196603489924011,384,"{'baggingclassifier__base_estimator': KNeighborsClassifier(), 'baggingclassifier__max_features': 0.2554632268831327, 'baggingclassifier__max_samples': 0.04196603489924011, 'baggingclassifier__n_estimators': 384}",0.33653846153846156,0.3173076923076923,0.3076923076923077,0.33653846153846156,0.3653846153846154,0.33269230769230773,0.01979928873266732,98,0.42341594865794413,0.37582907854506725,0.3642332586507344,0.41783882783882775,0.46455750796499573,0.40917492433151387,0.035991108105047465,100
