mean_fit_time,std_fit_time,mean_score_time,std_score_time,param_adaboostclassifier__n_estimators,param_adaboostclassifier__base_estimator,params,split0_test_balanced_accuracy,split1_test_balanced_accuracy,split2_test_balanced_accuracy,split3_test_balanced_accuracy,split4_test_balanced_accuracy,mean_test_balanced_accuracy,std_test_balanced_accuracy,rank_test_balanced_accuracy,split0_test_f1_weighted,split1_test_f1_weighted,split2_test_f1_weighted,split3_test_f1_weighted,split4_test_f1_weighted,mean_test_f1_weighted,std_test_f1_weighted,rank_test_f1_weighted
0.08279886245727539,0.004955930514953592,0.00760045051574707,0.0004906829426777578,27,,"{'adaboostclassifier__n_estimators': 27, 'adaboostclassifier__base_estimator': None}",0.515758547008547,0.5259675242697315,0.4076825127334465,0.4789081885856079,0.4782189137027847,0.4813071372600235,0.04151464131527323,1,0.5498991965764626,0.5792292016837972,0.5605364784469261,0.632549695805135,0.6230364952772979,0.5890502135579238,0.03313475455101077,1
0.03600049018859863,0.0020977839342751965,0.004999876022338867,5.223489356090222e-07,11,,"{'adaboostclassifier__n_estimators': 11, 'adaboostclassifier__base_estimator': None}",0.4296875,0.430896565234426,0.40343803056027167,0.539426523297491,0.45850565205403915,0.4523908542292455,0.04687520483243206,38,0.5700329191887014,0.5544794426454716,0.5428193040818579,0.6264089289178895,0.6063160583708529,0.5800113306409547,0.03155746715472842,2
0.09099903106689453,0.002755762520208197,0.007801055908203125,0.0007478187911500226,29,,"{'adaboostclassifier__n_estimators': 29, 'adaboostclassifier__base_estimator': None}",0.5096821581196581,0.5259675242697315,0.42890492359932086,0.44820099255583123,0.443927488282327,0.47133661736537374,0.03883782335097119,10,0.5563502029273659,0.5789396441019996,0.5820194050963281,0.5811249619945272,0.5818540433925049,0.5760576515025452,0.009914713421615078,3
0.6503033638000488,0.011879025360304177,0.03810372352600098,0.0025377764127262462,228,,"{'adaboostclassifier__n_estimators': 228, 'adaboostclassifier__base_estimator': None}",0.46941773504273504,0.5675307997039745,0.4654074702886247,0.41835539012958367,0.4039840088227185,0.46493908079752727,0.05732521182942761,20,0.5700682292036483,0.6312999379937805,0.5983773070729593,0.5059015059015058,0.5058010365465421,0.5622896033436872,0.04999166206715538,4
0.6793992042541503,0.019272237079249195,0.03820042610168457,0.001940151273239631,237,,"{'adaboostclassifier__n_estimators': 237, 'adaboostclassifier__base_estimator': None}",0.4512553418803419,0.5382438727090679,0.4962452657698838,0.43224427901847257,0.40553487730907084,0.46470472733736745,0.04719840949273513,21,0.5546171048917646,0.5925360104757748,0.6377307072959246,0.5178752865590166,0.5017094017094017,0.5608937021863765,0.04959419766005273,5
0.04480390548706055,0.0022258750444409123,0.004998302459716797,0.000632791935327545,13,,"{'adaboostclassifier__n_estimators': 13, 'adaboostclassifier__base_estimator': None}",0.4584668803418803,0.45012733446519526,0.3953735144312394,0.46322718500137855,0.44237661979597465,0.4419143068071336,0.02433901961515191,52,0.6088701347296074,0.5826607271497669,0.5427052622174574,0.48668782198193966,0.5807464631714478,0.5603340818500439,0.0424392264417636,6
0.2637979030609131,0.004914968850651387,0.01699986457824707,0.0014143470928330091,94,,"{'adaboostclassifier__n_estimators': 94, 'adaboostclassifier__base_estimator': None}",0.4533253205128205,0.5427658787166427,0.40613164424709414,0.43992969396195203,0.4472015439757375,0.45787081628284937,0.04547635060572738,27,0.5644317728019911,0.6046025510451526,0.5475437486822685,0.5404625622411466,0.5394491839504627,0.5592979637442043,0.024354751514869242,7
0.7002062797546387,0.00657919918017249,0.04220070838928223,0.0009797346898573667,244,,"{'adaboostclassifier__n_estimators': 244, 'adaboostclassifier__base_estimator': None}",0.46334134615384615,0.5463083888381002,0.47856536502546687,0.44992417976288945,0.3797904604356217,0.46358594804318487,0.05343364601113305,23,0.5730375228345136,0.6055228717578112,0.6101989797641971,0.5447463030796365,0.4590058420703582,0.5585023039013033,0.05510630846235363,8
0.5383987426757812,0.00997281693013299,0.03299999237060547,0.004648228123541359,188,,"{'adaboostclassifier__n_estimators': 188, 'adaboostclassifier__base_estimator': None}",0.4145299145299145,0.5433372513168777,0.43953245396369334,0.4264199062586159,0.4463399503722084,0.454031895288262,0.045973198393673184,35,0.5299769850402761,0.5937587387058232,0.5733077009672755,0.5203849913527333,0.5631214663472728,0.5561099764826762,0.02728208136769547,9
0.5412001132965087,0.01171992674013938,0.032200288772583005,0.0017213106695327042,195,,"{'adaboostclassifier__n_estimators': 195, 'adaboostclassifier__base_estimator': None}",0.4387019230769231,0.5221148404510034,0.4526903487005355,0.4264199062586159,0.43827543424317617,0.4556404905460508,0.0342632319742374,29,0.5585550304480854,0.568059017426106,0.5830104503479568,0.5208051208051209,0.5497832291284386,0.5560425696311415,0.020778985589375465,10
0.6579994201660156,0.029603813583216405,0.03980045318603516,0.003919751274071277,229,,"{'adaboostclassifier__n_estimators': 229, 'adaboostclassifier__base_estimator': None}",0.47723023504273504,0.5382438727090679,0.4654074702886247,0.41835539012958367,0.3959194926936862,0.4590312921727396,0.049566356179739125,26,0.5847469304747785,0.5925360104757748,0.5983773070729593,0.5059015059015058,0.4915439772582629,0.5546211462366563,0.04606958653619612,11
0.10399975776672363,0.004858004011527054,0.00800018310546875,3.8146972656249997e-07,33,,"{'adaboostclassifier__n_estimators': 33, 'adaboostclassifier__base_estimator': None}",0.4324252136752137,0.47545818640895043,0.42890492359932086,0.5203680727874276,0.4192514474772539,0.4552815687896333,0.037840874523741894,30,0.5292785350819751,0.5187668151545891,0.5835858585858585,0.5895785374046242,0.549785807412926,0.5541991107279947,0.028323999321810563,12
0.9282013893127441,0.020053579539844667,0.05399937629699707,0.002190580580803206,338,,"{'adaboostclassifier__n_estimators': 338, 'adaboostclassifier__base_estimator': None}",0.4519230769230769,0.5300487571285534,0.4683786078098472,0.4137027846705266,0.3964019851116625,0.4520910423287333,0.046728252092814684,39,0.5680712158281035,0.5929542212381953,0.6098119861983905,0.5147078733162587,0.4808919412499974,0.5532874475661891,0.04840770411666934,13
0.29721617698669434,0.03164834802384652,0.02158331871032715,0.005925930816751078,101,,"{'adaboostclassifier__n_estimators': 101, 'adaboostclassifier__base_estimator': None}",0.437633547008547,0.5413456096817727,0.4324474337207783,0.38261648745519716,0.4787703336090433,0.4545626822950677,0.0530456815602056,31,0.5535071265710468,0.5927414493768107,0.5743940966093657,0.46349367007261744,0.5782101558572147,0.552469299697411,0.046223098526641894,14
0.8145993232727051,0.012691024750711297,0.04680013656616211,0.002315345939971628,290,,"{'adaboostclassifier__n_estimators': 290, 'adaboostclassifier__base_estimator': None}",0.4423744658119658,0.5372643768229507,0.4801162335118192,0.44527157430383235,0.3979528535980149,0.4605959008097166,0.04636832031289535,24,0.5384327115256496,0.5801357089004404,0.6117842717985269,0.5515426440939376,0.47647878936990323,0.5516748251376916,0.04528351205982496,15
1.0269996166229247,0.014832418201874123,0.05500011444091797,0.002607181749903449,352,,"{'adaboostclassifier__n_estimators': 352, 'adaboostclassifier__base_estimator': None}",0.4423076923076923,0.5190131034782988,0.45876322319446255,0.43565618968844777,0.4145643782740557,0.45406091738859133,0.03543373268869275,34,0.5588497737129832,0.5691252912371036,0.5948700148630728,0.5400127196860408,0.49428675899264135,0.5514289116983684,0.03361819609048757,16
0.29939827919006345,0.01009158354862971,0.02000126838684082,0.00209737476169205,102,,"{'adaboostclassifier__n_estimators': 102, 'adaboostclassifier__base_estimator': None}",0.44724893162393164,0.5413456096817727,0.442062818336163,0.3841673559415495,0.4413771712158809,0.45124037735985956,0.05062644597066227,40,0.5650632911392405,0.5927414493768107,0.5847368862074743,0.46459278336140303,0.5410860274990709,0.5496440875167999,0.046116382532432186,17
1.151399517059326,0.021283894835886157,0.06560125350952148,0.003499291402630266,398,,"{'adaboostclassifier__n_estimators': 398, 'adaboostclassifier__base_estimator': None}",0.4249465811965812,0.540235514344173,0.45876322319446255,0.4421698373311277,0.40601736972704716,0.45442650515867833,0.04635672420912023,32,0.5140506329113924,0.5936708860759493,0.5929292929292929,0.553824238439623,0.49122211122211124,0.5491394323156737,0.04125091417477062,18
1.2427999019622802,0.08788449194958864,0.07220101356506348,0.008542069637359654,391,,"{'adaboostclassifier__n_estimators': 391, 'adaboostclassifier__base_estimator': None}",0.4110576923076923,0.540235514344173,0.449147838579078,0.4598497380755445,0.4102908740005514,0.4541163314614078,0.04743161110639859,33,0.5005765387177779,0.5936050261636484,0.5781094801898246,0.579018394502941,0.4930144365438483,0.5488647752236081,0.042935294790809694,19
0.5691989421844482,0.00614424930656167,0.03339986801147461,0.002153972120349206,204,,"{'adaboostclassifier__n_estimators': 204, 'adaboostclassifier__base_estimator': None}",0.46654647435897434,0.5272082190588132,0.4381121849288233,0.3910601047697822,0.4602288392610973,0.45663116447549806,0.044124582132832164,28,0.569781972684103,0.5662595107304923,0.5578286961265685,0.46922658019175945,0.5774864024864025,0.5481166324438651,0.039947713120820856,20
0.5811975479125977,0.003427015756100035,0.03380064964294434,0.00172031276513652,205,,"{'adaboostclassifier__n_estimators': 205, 'adaboostclassifier__base_estimator': None}",0.46654647435897434,0.500892429585129,0.44617670105785556,0.3910601047697822,0.4602288392610973,0.4529809098065677,0.03581216023530129,36,0.569781972684103,0.5411978434130333,0.5693050910442216,0.46922658019175945,0.5774864024864025,0.5453995779639039,0.040038779198905534,21
0.3917995929718018,0.017441113367590272,0.024199962615966797,0.0009793745031412239,131,,"{'adaboostclassifier__n_estimators': 131, 'adaboostclassifier__base_estimator': None}",0.40564903846153844,0.5170214618431935,0.4344390753558835,0.49324510614833195,0.44944168734491313,0.4599592738307721,0.04018841065626864,25,0.5109609466704738,0.5692043615685919,0.5649394842364713,0.5241530794581193,0.55652155818871,0.5451558860244733,0.023277930316255076,22
0.2555973052978516,0.008014891746509075,0.01740107536315918,0.0007999661906523096,89,,"{'adaboostclassifier__n_estimators': 89, 'adaboostclassifier__base_estimator': None}",0.45512820512820507,0.5287590875451657,0.4141961603761264,0.41215191618417424,0.4391370278467053,0.44987447941607533,0.0425713756555838,42,0.5617703359035225,0.5626620636747219,0.5610794627150829,0.5152773652773652,0.522875816993464,0.5447330089128313,0.021091703810415054,23
1.034999704360962,0.007899730171943519,0.053800010681152345,0.003969567771849404,383,,"{'adaboostclassifier__n_estimators': 383, 'adaboostclassifier__base_estimator': None}",0.3971688034188034,0.5306201297287885,0.4668277393234948,0.42604080507306313,0.423697270471464,0.4488709496031228,0.04654764502879185,43,0.48801284244322213,0.5811653556871972,0.6057836372473856,0.5280239212599955,0.5177600216684723,0.5441491556612545,0.04307366625642476,24
0.5737985610961914,0.009537100954019904,0.036000537872314456,0.00400079490358004,206,,"{'adaboostclassifier__n_estimators': 206, 'adaboostclassifier__base_estimator': None}",0.45693108974358976,0.5140503243219712,0.4330188063210134,0.39912462089881445,0.4463399503722084,0.4498929583315194,0.03752462621244862,41,0.5581389410543958,0.5544260226311815,0.5573985042735042,0.4838880162434951,0.5622451496814824,0.5432193267768117,0.02977052348699193,25
0.7297999858856201,0.01844324541296864,0.04219927787780762,0.001939452878828825,259,,"{'adaboostclassifier__n_estimators': 259, 'adaboostclassifier__base_estimator': None}",0.4406383547008547,0.5498508989595576,0.4714803447825519,0.4344844223876482,0.3659015715467328,0.45247111847546906,0.05966907795847242,37,0.5178478809834207,0.6063442595257097,0.6125065410779698,0.534750074008055,0.4445726495726496,0.5432042810335609,0.06201947999753912,26
0.48259897232055665,0.011393812667515534,0.030001258850097655,0.0036874861580965578,170,,"{'adaboostclassifier__n_estimators': 170, 'adaboostclassifier__base_estimator': None}",0.4032451923076923,0.5301793565800357,0.44250359148491575,0.39602288392610974,0.43896470912599944,0.44218314668495057,0.04775087042168182,50,0.48620464769167404,0.5804537380590504,0.5785570638511814,0.48954116059379216,0.5626681602624742,0.5394849540916345,0.042604473070839234,27
1.0827996730804443,0.02895793045264144,0.04020137786865234,0.0007486609496714165,424,,"{'adaboostclassifier__n_estimators': 424, 'adaboostclassifier__base_estimator': None}",0.4483840811965812,0.5483000304732053,0.4171999477602194,0.43255445271574305,0.3936793493245106,0.4480235722940519,0.05328823902460696,44,0.5572867789454581,0.606211650515448,0.5164989721951747,0.5408304766367057,0.4725255031706645,0.5386706762926902,0.04422618139607844,28
0.2108002185821533,0.0038682385032722307,0.013399648666381835,0.0004905252237794949,77,,"{'adaboostclassifier__n_estimators': 77, 'adaboostclassifier__base_estimator': None}",0.4827724358974359,0.5368236036741979,0.4678072352096121,0.2998690377722636,0.41942376619795974,0.4413392157502939,0.08003578488311268,53,0.6137322593018797,0.5806720494229239,0.6226042150337926,0.3623075008853284,0.510928264659608,0.5380488578607064,0.09624434868235139,29
0.6130064964294434,0.0076984479815864655,0.0361997127532959,0.0013260218568982283,215,,"{'adaboostclassifier__n_estimators': 215, 'adaboostclassifier__base_estimator': None}",0.45198985042735046,0.533150494101258,0.4477275695442079,0.3910601047697822,0.4098083815825751,0.4467472800850348,0.048907064153796566,45,0.5456426484907498,0.5927019688865971,0.571839593578724,0.46922658019175945,0.5056269757639621,0.5370075533823585,0.04465132649420367,30
0.889599084854126,0.006711054984786956,0.051400184631347656,0.0013563044931408958,317,,"{'adaboostclassifier__n_estimators': 317, 'adaboostclassifier__base_estimator': None}",0.4448450854700855,0.5160419659570763,0.4506987070654303,0.44148056244830436,0.3744485800937414,0.44550298020692763,0.044873342941666956,46,0.5446944763214051,0.5559175239106132,0.5813695748897788,0.5383231253676597,0.4535292749578464,0.5347667950894607,0.043197021729762905,31
0.5986101150512695,0.019244350558497467,0.03458847999572754,0.0023456725003191585,214,,"{'adaboostclassifier__n_estimators': 214, 'adaboostclassifier__base_estimator': None}",0.44163995726495725,0.5170214618431935,0.44263419093639805,0.3910601047697822,0.4178728977116074,0.44204572250518764,0.04196601268685728,51,0.5441136465137549,0.5674533959447842,0.5725500194250195,0.46922658019175945,0.518977970386421,0.5344643224923478,0.037756320938868985,32
0.15619902610778807,0.0022275354289638554,0.011000490188598633,6.325959759436416e-07,53,,"{'adaboostclassifier__n_estimators': 53, 'adaboostclassifier__base_estimator': None}",0.4297542735042735,0.5023126986199992,0.44304231422228024,0.3730011028398125,0.412531017369727,0.4321282813112185,0.04226270329358079,62,0.5486137696820007,0.5558707987778263,0.5960854824399043,0.4535455349248453,0.5129703629703629,0.5334171897589879,0.04787477306168005,33
0.5647988319396973,0.06008473269187071,0.0347996711730957,0.006431643667345899,172,,"{'adaboostclassifier__n_estimators': 172, 'adaboostclassifier__base_estimator': None}",0.4032451923076923,0.5301793565800357,0.42637455922685125,0.39602288392610974,0.43672456575682383,0.43850931155950257,0.04817154621864437,56,0.48620464769167404,0.5804537380590504,0.5590808052346514,0.48954116059379216,0.5517857142857142,0.5334132131729765,0.03837340410558486,34
0.6086000442504883,0.016107848971540207,0.01840033531188965,0.006828811595644446,72,LogisticRegression(),"{'adaboostclassifier__n_estimators': 72, 'adaboostclassifier__base_estimator': LogisticRegression()}",0.429954594017094,0.4337697531670367,0.5437508162465717,0.4659842845326716,0.45219878687620624,0.4651316469679161,0.04140036974742391,19,0.5042970435339177,0.5000531514735224,0.545700370090614,0.5861619861619861,0.47669220945083013,0.5225809521421741,0.038793389117366614,35
0.6087998867034912,0.018605251202868663,0.016599273681640624,0.0004900583463383643,76,LogisticRegression(),"{'adaboostclassifier__n_estimators': 76, 'adaboostclassifier__base_estimator': LogisticRegression()}",0.429954594017094,0.44692764790387873,0.5356863001175395,0.4659842845326716,0.45219878687620624,0.466150322689478,0.03663213637540718,17,0.5042970435339177,0.5086734081137559,0.5357914015808753,0.5861619861619861,0.47669220945083013,0.5223232097682731,0.03701413110268642,36
0.6544000625610351,0.014705308414484591,0.01640000343322754,0.0012001516376719365,81,LogisticRegression(),"{'adaboostclassifier__n_estimators': 81, 'adaboostclassifier__base_estimator': LogisticRegression()}",0.429954594017094,0.44692764790387873,0.5453016847329242,0.456368899917287,0.444134270747174,0.4645374194636716,0.041260042665673353,22,0.5042970435339177,0.5086734081137559,0.5519186756396058,0.5710846231394177,0.46770919645819403,0.5207365893769782,0.036701309014563116,37
0.7429999828338623,0.02693014096847821,0.01979975700378418,0.0007487243003003859,92,LogisticRegression(),"{'adaboostclassifier__n_estimators': 92, 'adaboostclassifier__base_estimator': LogisticRegression()}",0.422142094017094,0.43731226328849415,0.532143789996082,0.4467535153019023,0.5413564929693961,0.47594163111459376,0.05035146704847311,4,0.49337527100064493,0.4857423216563635,0.5396837149778326,0.5555728997589463,0.49788121715099404,0.5144510849089563,0.027823129995229408,38
0.6927996158599854,0.025380243219115084,0.017000341415405275,0.0006328622320337821,89,LogisticRegression(),"{'adaboostclassifier__n_estimators': 89, 'adaboostclassifier__base_estimator': LogisticRegression()}",0.422142094017094,0.43731226328849415,0.532143789996082,0.4467535153019023,0.5274676040805073,0.4731638533368159,0.046933128302628545,7,0.49337527100064493,0.4857423216563635,0.5396837149778326,0.5555728997589463,0.4837948349576256,0.5116338084702826,0.029987306396406288,39
0.013399505615234375,0.0010191222129036514,0.0035999774932861327,0.0004905440937658695,3,,"{'adaboostclassifier__n_estimators': 3, 'adaboostclassifier__base_estimator': None}",0.4236111111111111,0.34615384615384615,0.40343803056027167,0.45026881720430106,0.40384615384615385,0.40546359177513674,0.034238006989774604,64,0.5646150429628111,0.42613220815752456,0.5476400993642374,0.49388325349863804,0.5189255189255189,0.510239224581746,0.048523220771891376,40
0.48099918365478517,0.019442147171752026,0.01360011100769043,0.001624842686994471,56,LogisticRegression(),"{'adaboostclassifier__n_estimators': 56, 'adaboostclassifier__base_estimator': LogisticRegression()}",0.37439903846153844,0.44183426929606895,0.5437508162465717,0.46822442790184726,0.3469120485249517,0.4350241200861957,0.06987026650310647,59,0.4560614194027759,0.510994886824219,0.5474367935464944,0.5954194581827961,0.43151534893821647,0.5082855813789003,0.05958775364144816,41
0.49458656311035154,0.05609068694385708,0.013399887084960937,0.0013560443413637914,53,LogisticRegression(),"{'adaboostclassifier__n_estimators': 53, 'adaboostclassifier__base_estimator': LogisticRegression()}",0.37439903846153844,0.44183426929606895,0.5305929215097296,0.4762889440308795,0.3469120485249517,0.4340054443646336,0.06680794684565448,61,0.4560614194027759,0.510994886824219,0.5351742274819197,0.6063131055391118,0.43151534893821647,0.5080117976372486,0.06157985387064415,42
1.490199613571167,0.07949814574996363,0.03459920883178711,0.0013550818616529198,180,LogisticRegression(),"{'adaboostclassifier__n_estimators': 180, 'adaboostclassifier__base_estimator': LogisticRegression()}",0.3726629273504274,0.4453767794175264,0.5256301423534021,0.452577888061759,0.5471808657292527,0.4686857205824735,0.06233345940868352,12,0.45608787765493425,0.4932343954604976,0.5349219620958752,0.554196976732188,0.4995851422590638,0.5076052708405118,0.03418150084863318,43
1.5057997703552246,0.016653937401205212,0.03580012321472168,0.0019382777361406152,188,LogisticRegression(),"{'adaboostclassifier__n_estimators': 188, 'adaboostclassifier__base_estimator': LogisticRegression()}",0.3726629273504274,0.4453767794175264,0.5256301423534021,0.452577888061759,0.5471808657292527,0.4686857205824735,0.06233345940868352,12,0.45608787765493425,0.4918372090420449,0.5349219620958752,0.554196976732188,0.4995851422590638,0.5073258335568213,0.03430333595742649,44
1.6459994792938233,0.08368733539636733,0.038799715042114255,0.0019389217376225276,207,LogisticRegression(),"{'adaboostclassifier__n_estimators': 207, 'adaboostclassifier__base_estimator': LogisticRegression()}",0.3726629273504274,0.4453767794175264,0.5256301423534021,0.5124069478908189,0.5471808657292527,0.4806515325482855,0.06381767933432983,2,0.45608787765493425,0.4918372090420449,0.5382873467112598,0.5465073422390495,0.5027308734625808,0.5070901298219738,0.03280203472593127,45
0.31219892501831054,0.005268698282243675,0.00879979133605957,0.0007485195090069597,38,LogisticRegression(),"{'adaboostclassifier__n_estimators': 38, 'adaboostclassifier__base_estimator': LogisticRegression()}",0.37613514957264954,0.41551847982238477,0.5270504113882721,0.4624000551419906,0.35652743314033636,0.4275263058131267,0.061558597658408855,63,0.4619696758937265,0.4886603375527426,0.5396943558233881,0.5934946836109627,0.4490161001788909,0.5065670306119421,0.05343317289750192,46
1.1107996940612792,0.01012768797586564,0.027199602127075194,0.00039883039031194826,136,LogisticRegression(),"{'adaboostclassifier__n_estimators': 136, 'adaboostclassifier__base_estimator': LogisticRegression()}",0.36304754273504275,0.4453767794175264,0.5336946584824344,0.44830438378825477,0.5471808657292527,0.4675208460305022,0.0670805417413448,16,0.4359498372637292,0.4932343954604976,0.5451988617563365,0.558644288295451,0.4995851422590638,0.5065225050070156,0.043399869018670066,47
1.6329987049102783,0.053936938465566395,0.0406001091003418,0.005200683350287181,204,LogisticRegression(),"{'adaboostclassifier__n_estimators': 204, 'adaboostclassifier__base_estimator': LogisticRegression()}",0.3726629273504274,0.4453767794175264,0.5256301423534021,0.5124069478908189,0.5471808657292527,0.4806515325482855,0.06381767933432983,2,0.45608787765493425,0.4918372090420449,0.5349219620958752,0.5465073422390495,0.5027308734625808,0.5064170528988969,0.032183681561218376,48
0.9581999778747559,0.027095585740537338,0.023199748992919923,0.0014700094146441148,119,LogisticRegression(),"{'adaboostclassifier__n_estimators': 119, 'adaboostclassifier__base_estimator': LogisticRegression()}",0.37693643162393164,0.4453767794175264,0.5240792738670498,0.44830438378825477,0.5471808657292527,0.46837554688520305,0.06100178713880616,14,0.4467207341369664,0.4932343954604976,0.53004543004543,0.5592786842786843,0.4995851422590638,0.5057728772361284,0.03777482071736062,49
1.030400037765503,0.026612609884498387,0.025401592254638672,0.0008010924997553573,128,LogisticRegression(),"{'adaboostclassifier__n_estimators': 128, 'adaboostclassifier__base_estimator': LogisticRegression()}",0.37693643162393164,0.4453767794175264,0.5240792738670498,0.44830438378825477,0.5471808657292527,0.46837554688520305,0.06100178713880616,14,0.4463601580083369,0.4932343954604976,0.53004543004543,0.5592786842786843,0.4995851422590638,0.5057007620104026,0.03788766289849839,50
1.311800241470337,0.05374544709669526,0.032399892807006836,0.0013566208387210269,161,LogisticRegression(),"{'adaboostclassifier__n_estimators': 161, 'adaboostclassifier__base_estimator': LogisticRegression()}",0.36304754273504275,0.4453767794175264,0.5256301423534021,0.44830438378825477,0.5471808657292527,0.4659079428046957,0.06554953086361719,18,0.4359498372637292,0.4932343954604976,0.5327097951778259,0.558644288295451,0.4995851422590638,0.5040246916913136,0.04141608719441655,51
1.923400068283081,0.11247793799839241,0.0459993839263916,0.0020977622273868793,237,LogisticRegression(),"{'adaboostclassifier__n_estimators': 237, 'adaboostclassifier__base_estimator': LogisticRegression()}",0.36304754273504275,0.4453767794175264,0.51247224761656,0.5027915632754342,0.5471808657292527,0.47417379975476315,0.06448890223793156,5,0.4359498372637292,0.4918372090420449,0.5267530700560155,0.5286666789911203,0.5027308734625808,0.49718753376309816,0.033688180665533474,52
1.8925105094909669,0.07025974466450044,0.04439949989318848,0.0028704351734009453,241,LogisticRegression(),"{'adaboostclassifier__n_estimators': 241, 'adaboostclassifier__base_estimator': LogisticRegression()}",0.36304754273504275,0.4453767794175264,0.51247224761656,0.5027915632754342,0.5471808657292527,0.47417379975476315,0.06448890223793156,5,0.4359498372637292,0.4918372090420449,0.5267530700560155,0.5286666789911203,0.5027308734625808,0.49718753376309816,0.033688180665533474,52
2.144599771499634,0.0912273986318489,0.05279994010925293,0.0016012796540509095,271,LogisticRegression(),"{'adaboostclassifier__n_estimators': 271, 'adaboostclassifier__base_estimator': LogisticRegression()}",0.36304754273504275,0.4453767794175264,0.5089297374951025,0.5027915632754342,0.5391163496002205,0.4718523945046652,0.062282991491105145,8,0.43599553899354027,0.4918372090420449,0.5274716676125126,0.5286666789911203,0.4908270277445905,0.49495962447676173,0.033754376556722906,54
2.032799577713013,0.07454240683827673,0.05000019073486328,0.0041953746497326964,255,LogisticRegression(),"{'adaboostclassifier__n_estimators': 255, 'adaboostclassifier__base_estimator': LogisticRegression()}",0.36304754273504275,0.4453767794175264,0.49931435287971787,0.5027915632754342,0.5471808657292527,0.4715422208073948,0.06312644901036683,9,0.4359498372637292,0.4918372090420449,0.5129770347855455,0.5286666789911203,0.5027308734625808,0.49443232670900417,0.03165975097647966,55
2.257718801498413,0.103323104093056,0.054398965835571286,0.001020086493051511,292,LogisticRegression(),"{'adaboostclassifier__n_estimators': 292, 'adaboostclassifier__base_estimator': LogisticRegression()}",0.35523504273504275,0.4453767794175264,0.5089297374951025,0.5027915632754342,0.5391163496002205,0.4702898945046652,0.06503039147860903,11,0.4261730275054726,0.4918372090420449,0.5274716676125126,0.5286666789911203,0.4908270277445905,0.4929951221791482,0.03723526791442892,56
2.516199541091919,0.05513417816508216,0.05980048179626465,0.0034868283003361613,324,LogisticRegression(),"{'adaboostclassifier__n_estimators': 324, 'adaboostclassifier__base_estimator': LogisticRegression()}",0.3378071581196581,0.4549921640329111,0.3839297374951025,0.5108560794044664,0.5391163496002205,0.4453402977304718,0.07551696113951244,47,0.397531965479415,0.5154858048380013,0.5173111931663239,0.5391727760148813,0.4908270277445905,0.49206575344864245,0.04968515697440468,57
2.3412066459655763,0.06569203787592272,0.056400728225708005,0.002577329027660547,303,LogisticRegression(),"{'adaboostclassifier__n_estimators': 303, 'adaboostclassifier__base_estimator': LogisticRegression()}",0.3378071581196581,0.4549921640329111,0.3839297374951025,0.5108560794044664,0.5391163496002205,0.4453402977304718,0.07551696113951244,47,0.3956571995886962,0.5154858048380013,0.5173111931663239,0.5391727760148813,0.4908270277445905,0.49169080027049866,0.05039909395610693,58
2.678799295425415,0.10829070189786333,0.06060047149658203,0.003441246242898017,340,LogisticRegression(),"{'adaboostclassifier__n_estimators': 340, 'adaboostclassifier__base_estimator': LogisticRegression()}",0.32819177350427353,0.4549921640329111,0.3707718427582604,0.5108560794044664,0.5391163496002205,0.44078564186002644,0.08044865546493671,54,0.37780112628764245,0.5166600107392267,0.5055516883033707,0.5391727760148813,0.4908270277445905,0.4860025258179424,0.05635591418962408,59
2.6024068355560304,0.11575023449792603,0.06350321769714355,0.0069832374070675305,337,LogisticRegression(),"{'adaboostclassifier__n_estimators': 337, 'adaboostclassifier__base_estimator': LogisticRegression()}",0.32819177350427353,0.4549921640329111,0.3707718427582604,0.5108560794044664,0.5391163496002205,0.44078564186002644,0.08044865546493671,54,0.37780112628764245,0.5166600107392267,0.5055516883033707,0.5391727760148813,0.4908270277445905,0.4860025258179424,0.05635591418962408,59
3.0501988410949705,0.10425910037860105,0.07480149269104004,0.0038686945917135703,392,LogisticRegression(),"{'adaboostclassifier__n_estimators': 392, 'adaboostclassifier__base_estimator': LogisticRegression()}",0.32037927350427353,0.44183426929606895,0.3611564581428758,0.5204714640198511,0.5391163496002205,0.43659156291265794,0.08575594079301034,57,0.3700358284528136,0.508545762118649,0.4912319481284999,0.5566493508094086,0.4908270277445905,0.4834579834507924,0.061588465607305076,61
3.2123995780944825,0.2172115320805294,0.07839961051940918,0.010818563128588057,385,LogisticRegression(),"{'adaboostclassifier__n_estimators': 385, 'adaboostclassifier__base_estimator': LogisticRegression()}",0.32037927350427353,0.44183426929606895,0.3611564581428758,0.5204714640198511,0.5391163496002205,0.43659156291265794,0.08575594079301034,57,0.3700358284528136,0.508545762118649,0.4912319481284999,0.5566493508094086,0.4908270277445905,0.4834579834507924,0.061588465607305076,61
3.2183181762695314,0.11354982402891164,0.0757990837097168,0.0038698312482697865,426,LogisticRegression(),"{'adaboostclassifier__n_estimators': 426, 'adaboostclassifier__base_estimator': LogisticRegression()}",0.3107638888888889,0.44183426929606895,0.3611564581428758,0.5204714640198511,0.5391163496002205,0.43466848598958113,0.0884072656775504,60,0.3479817770073173,0.5129932475787927,0.4912319481284999,0.5566493508094086,0.4908270277445905,0.4799366702537219,0.07019380272175688,63
3.496599531173706,0.17925177020290534,0.08400053977966308,0.00414680376091532,466,LogisticRegression(),"{'adaboostclassifier__n_estimators': 466, 'adaboostclassifier__base_estimator': LogisticRegression()}",0.3940972222222222,0.44183426929606895,0.35309194201384353,0.5012406947890818,0.5252274607113316,0.44309831780650966,0.06423330130997794,49,0.35642059557271816,0.5129932475787927,0.47882207776573976,0.5226423647476279,0.477914770060364,0.46975861114504847,0.05943080062049717,64
0.004600620269775391,0.0007992869073369303,0.0,0.0,334,KNeighborsClassifier(),"{'adaboostclassifier__n_estimators': 334, 'adaboostclassifier__base_estimator': KNeighborsClassifier()}",,,,,,,,90,,,,,,,,65
0.004599761962890625,0.0007999909722042439,0.0,0.0,438,KNeighborsClassifier(),"{'adaboostclassifier__n_estimators': 438, 'adaboostclassifier__base_estimator': KNeighborsClassifier()}",,,,,,,,70,,,,,,,,66
0.005199956893920899,0.0003998056899155806,0.0,0.0,467,KNeighborsClassifier(),"{'adaboostclassifier__n_estimators': 467, 'adaboostclassifier__base_estimator': KNeighborsClassifier()}",,,,,,,,76,,,,,,,,67
0.004000520706176758,0.0006327876055281121,0.0,0.0,11,KNeighborsClassifier(),"{'adaboostclassifier__n_estimators': 11, 'adaboostclassifier__base_estimator': KNeighborsClassifier()}",,,,,,,,73,,,,,,,,68
0.00500020980834961,6.14361702286011e-07,0.0,0.0,175,KNeighborsClassifier(),"{'adaboostclassifier__n_estimators': 175, 'adaboostclassifier__base_estimator': KNeighborsClassifier()}",,,,,,,,75,,,,,,,,69
0.004200363159179687,0.0003993994014648074,0.0,0.0,338,KNeighborsClassifier(),"{'adaboostclassifier__n_estimators': 338, 'adaboostclassifier__base_estimator': KNeighborsClassifier()}",,,,,,,,71,,,,,,,,70
0.004598855972290039,0.0004906632809827995,0.0,0.0,366,KNeighborsClassifier(),"{'adaboostclassifier__n_estimators': 366, 'adaboostclassifier__base_estimator': KNeighborsClassifier()}",,,,,,,,72,,,,,,,,71
0.004399871826171875,0.0004905839311100465,0.0,0.0,414,KNeighborsClassifier(),"{'adaboostclassifier__n_estimators': 414, 'adaboostclassifier__base_estimator': KNeighborsClassifier()}",,,,,,,,69,,,,,,,,72
0.005600118637084961,0.001199650777495741,0.0,0.0,291,KNeighborsClassifier(),"{'adaboostclassifier__n_estimators': 291, 'adaboostclassifier__base_estimator': KNeighborsClassifier()}",,,,,,,,68,,,,,,,,73
0.004399156570434571,0.0004903882126762863,0.0,0.0,375,KNeighborsClassifier(),"{'adaboostclassifier__n_estimators': 375, 'adaboostclassifier__base_estimator': KNeighborsClassifier()}",,,,,,,,67,,,,,,,,74
0.004599428176879883,0.0004905449512645884,0.0,0.0,465,KNeighborsClassifier(),"{'adaboostclassifier__n_estimators': 465, 'adaboostclassifier__base_estimator': KNeighborsClassifier()}",,,,,,,,66,,,,,,,,75
0.004599857330322266,0.0004891434150762302,0.0,0.0,310,KNeighborsClassifier(),"{'adaboostclassifier__n_estimators': 310, 'adaboostclassifier__base_estimator': KNeighborsClassifier()}",,,,,,,,65,,,,,,,,76
0.004799079895019531,0.0007504206411961874,0.0,0.0,303,KNeighborsClassifier(),"{'adaboostclassifier__n_estimators': 303, 'adaboostclassifier__base_estimator': KNeighborsClassifier()}",,,,,,,,79,,,,,,,,77
0.009201431274414062,0.008930856158806516,0.0,0.0,12,KNeighborsClassifier(),"{'adaboostclassifier__n_estimators': 12, 'adaboostclassifier__base_estimator': KNeighborsClassifier()}",,,,,,,,74,,,,,,,,78
0.004800653457641602,0.00039987598203557623,0.0,0.0,480,KNeighborsClassifier(),"{'adaboostclassifier__n_estimators': 480, 'adaboostclassifier__base_estimator': KNeighborsClassifier()}",,,,,,,,77,,,,,,,,79
0.004199695587158203,0.0004004480157984902,0.0,0.0,289,KNeighborsClassifier(),"{'adaboostclassifier__n_estimators': 289, 'adaboostclassifier__base_estimator': KNeighborsClassifier()}",,,,,,,,80,,,,,,,,80
0.004198646545410157,0.0003997805862480134,0.0,0.0,474,KNeighborsClassifier(),"{'adaboostclassifier__n_estimators': 474, 'adaboostclassifier__base_estimator': KNeighborsClassifier()}",,,,,,,,78,,,,,,,,81
0.0046004772186279295,0.0004905244125994745,0.0,0.0,203,KNeighborsClassifier(),"{'adaboostclassifier__n_estimators': 203, 'adaboostclassifier__base_estimator': KNeighborsClassifier()}",,,,,,,,98,,,,,,,,82
0.004799032211303711,0.0003993075076529533,0.0,0.0,381,KNeighborsClassifier(),"{'adaboostclassifier__n_estimators': 381, 'adaboostclassifier__base_estimator': KNeighborsClassifier()}",,,,,,,,96,,,,,,,,83
0.004000711441040039,2.7804145311571603e-07,0.0,0.0,351,KNeighborsClassifier(),"{'adaboostclassifier__n_estimators': 351, 'adaboostclassifier__base_estimator': KNeighborsClassifier()}",,,,,,,,81,,,,,,,,84
0.004198884963989258,0.00040001967251855624,0.0,0.0,376,KNeighborsClassifier(),"{'adaboostclassifier__n_estimators': 376, 'adaboostclassifier__base_estimator': KNeighborsClassifier()}",,,,,,,,87,,,,,,,,85
0.004399251937866211,0.0004900191576404296,0.0,0.0,485,KNeighborsClassifier(),"{'adaboostclassifier__n_estimators': 485, 'adaboostclassifier__base_estimator': KNeighborsClassifier()}",,,,,,,,88,,,,,,,,86
0.004799461364746094,0.0004002336202512999,0.0,0.0,36,KNeighborsClassifier(),"{'adaboostclassifier__n_estimators': 36, 'adaboostclassifier__base_estimator': KNeighborsClassifier()}",,,,,,,,83,,,,,,,,87
0.004999351501464844,0.0015496050307267676,0.0,0.0,78,KNeighborsClassifier(),"{'adaboostclassifier__n_estimators': 78, 'adaboostclassifier__base_estimator': KNeighborsClassifier()}",,,,,,,,99,,,,,,,,88
0.004799365997314453,0.0004001869876906307,0.0,0.0,295,KNeighborsClassifier(),"{'adaboostclassifier__n_estimators': 295, 'adaboostclassifier__base_estimator': KNeighborsClassifier()}",,,,,,,,85,,,,,,,,89
0.004999351501464844,0.0006330888026800654,0.0,0.0,357,KNeighborsClassifier(),"{'adaboostclassifier__n_estimators': 357, 'adaboostclassifier__base_estimator': KNeighborsClassifier()}",,,,,,,,93,,,,,,,,90
0.004999637603759766,7.979011788693195e-07,0.0,0.0,396,KNeighborsClassifier(),"{'adaboostclassifier__n_estimators': 396, 'adaboostclassifier__base_estimator': KNeighborsClassifier()}",,,,,,,,94,,,,,,,,91
0.0053996086120605465,0.0013563678570055655,0.0,0.0,53,KNeighborsClassifier(),"{'adaboostclassifier__n_estimators': 53, 'adaboostclassifier__base_estimator': KNeighborsClassifier()}",,,,,,,,86,,,,,,,,92
0.004400634765625,0.0004883067116953329,0.0,0.0,16,KNeighborsClassifier(),"{'adaboostclassifier__n_estimators': 16, 'adaboostclassifier__base_estimator': KNeighborsClassifier()}",,,,,,,,89,,,,,,,,93
0.004200363159179687,0.0003998766927980488,0.0,0.0,202,KNeighborsClassifier(),"{'adaboostclassifier__n_estimators': 202, 'adaboostclassifier__base_estimator': KNeighborsClassifier()}",,,,,,,,91,,,,,,,,94
0.004600429534912109,0.0004896093863255838,0.0,0.0,119,KNeighborsClassifier(),"{'adaboostclassifier__n_estimators': 119, 'adaboostclassifier__base_estimator': KNeighborsClassifier()}",,,,,,,,97,,,,,,,,95
0.004799318313598633,0.00040028150273734605,0.0,0.0,391,KNeighborsClassifier(),"{'adaboostclassifier__n_estimators': 391, 'adaboostclassifier__base_estimator': KNeighborsClassifier()}",,,,,,,,92,,,,,,,,96
0.004799938201904297,0.0003995193041893103,0.0,0.0,257,KNeighborsClassifier(),"{'adaboostclassifier__n_estimators': 257, 'adaboostclassifier__base_estimator': KNeighborsClassifier()}",,,,,,,,82,,,,,,,,97
0.004799318313598633,0.00040028235478808494,0.0,0.0,306,KNeighborsClassifier(),"{'adaboostclassifier__n_estimators': 306, 'adaboostclassifier__base_estimator': KNeighborsClassifier()}",,,,,,,,95,,,,,,,,98
0.004799842834472656,0.0004001886637844532,0.0,0.0,51,KNeighborsClassifier(),"{'adaboostclassifier__n_estimators': 51, 'adaboostclassifier__base_estimator': KNeighborsClassifier()}",,,,,,,,84,,,,,,,,99
0.004198837280273438,0.0004011182233954444,0.0,0.0,420,KNeighborsClassifier(),"{'adaboostclassifier__n_estimators': 420, 'adaboostclassifier__base_estimator': KNeighborsClassifier()}",,,,,,,,100,,,,,,,,100
