mean_fit_time,std_fit_time,mean_score_time,std_score_time,param_kneighborsclassifier__n_neighbors,params,split0_test_balanced_accuracy,split1_test_balanced_accuracy,split2_test_balanced_accuracy,split3_test_balanced_accuracy,split4_test_balanced_accuracy,mean_test_balanced_accuracy,std_test_balanced_accuracy,rank_test_balanced_accuracy,split0_test_f1_weighted,split1_test_f1_weighted,split2_test_f1_weighted,split3_test_f1_weighted,split4_test_f1_weighted,mean_test_f1_weighted,std_test_f1_weighted,rank_test_f1_weighted
0.004399919509887695,0.0004902598778224512,0.007799196243286133,0.0020403022051231528,11,{'kneighborsclassifier__n_neighbors': 11},0.45592948717948717,0.38123612380828,0.40046689303904925,0.5447684036393714,0.4907637165701682,0.4546329248472712,0.059586188208497454,1,0.6092394244292978,0.5061541153823719,0.5364996114996116,0.6341255679904836,0.6420512820512821,0.5856140002706094,0.0544477660421612,1
0.005006074905395508,1.39020726557858e-06,0.0065956592559814455,0.0004901185848464953,10,{'kneighborsclassifier__n_neighbors': 10},0.46374198717948717,0.3943940185451221,0.3908515084236646,0.47105045492142267,0.4907637165701682,0.442160337127973,0.04141717545230212,4,0.6171657545894172,0.5203838667973689,0.5213480963480964,0.6240791615791615,0.6438382610966946,0.5853630280821478,0.05338521924381107,2
0.004400300979614258,0.0004904274553362828,0.006998443603515625,8.064048063892252e-07,8,{'kneighborsclassifier__n_neighbors': 8},0.4662793803418803,0.3621359540289931,0.43130468852030823,0.4607457954232148,0.49162531017369726,0.4424182256976187,0.04448672954602608,3,0.613887008044272,0.4786342969514973,0.57535935050975,0.6069046948167827,0.6384967497291439,0.5826564200102891,0.05577691313097944,3
0.004400730133056641,0.0007974546282022263,0.005599069595336914,0.0013553001666600927,9,{'kneighborsclassifier__n_neighbors': 9},0.4264155982905983,0.3666579600365678,0.4040094031605067,0.4864902122966639,0.49231458505652054,0.4351775517681714,0.04825098853069125,5,0.5685063823137259,0.49171235150044634,0.5386264419856152,0.6442400594574508,0.6452386008837622,0.5776647672282001,0.05999029446792843,4
0.004798364639282226,0.00039659490994902,0.006798648834228515,0.0003995435763398355,12,{'kneighborsclassifier__n_neighbors': 12},0.44811698717948717,0.3635562230638631,0.37924448217317486,0.4791149710504549,0.4768748276812793,0.4293814982296519,0.048840025464995454,6,0.5988375442699068,0.4767090478729873,0.508187199135475,0.6351093261936636,0.6272189349112426,0.569212410476655,0.06459993412145916,5
0.004600381851196289,0.0004896688488932043,0.007199287414550781,0.00040006961525661434,5,{'kneighborsclassifier__n_neighbors': 5},0.48724626068376065,0.3687802011231553,0.38079535065952724,0.5456299972429005,0.4358629721532947,0.4436629563725276,0.06620783106882265,2,0.6490018326555449,0.48912199433696946,0.5054102936250977,0.6286023835319611,0.5663281163281163,0.5676929240955378,0.06383647957358266,6
0.004599761962890625,0.0004884808009646842,0.006999778747558594,1.8553806742042277e-06,14,{'kneighborsclassifier__n_neighbors': 14},0.46020299145299143,0.350398328327021,0.3696290975577902,0.44978632478632474,0.49882823269920046,0.4257689949646656,0.056449286859143084,9,0.6151192035085532,0.4601975539092731,0.4955826441245104,0.5960558778452157,0.6578862229724298,0.5649683004719964,0.07470819166088334,7
0.004400634765625,0.0004897652599601235,0.006199026107788086,0.0007480989594953856,7,{'kneighborsclassifier__n_neighbors': 7},0.46380876068376065,0.3667885594880501,0.39395324539636933,0.4696719051557761,0.443927488282327,0.4276299918012566,0.04044214960225197,8,0.6181869347056894,0.4913521588260168,0.5246751494119914,0.6155838657052838,0.5748606805263504,0.5649317578350664,0.050069722014583415,8
0.005597209930419922,0.0017415468936119454,0.00720057487487793,0.0009796500129836876,13,{'kneighborsclassifier__n_neighbors': 13},0.43850160256410253,0.38123612380828,0.3776936136868225,0.44551282051282054,0.4768748276812793,0.423963797650661,0.03857944865584395,11,0.5860595101101431,0.5032962633808116,0.5066693450573799,0.5883699633699635,0.6297473058342623,0.5628284775505121,0.04973552178644593,9
0.004199886322021484,0.0007477807171449415,0.006800079345703125,0.00039954238126260034,15,{'kneighborsclassifier__n_neighbors': 15},0.4324252136752137,0.3716207391928954,0.36001371294240564,0.44978632478632474,0.49882823269920046,0.422534844659208,0.05130746860564614,13,0.5832317030433015,0.48627990307521024,0.4812195605714508,0.5960558778452157,0.6588761033205477,0.5611326295711452,0.06819210839938214,10
0.005599880218505859,0.0013571201332836739,0.0067999839782714845,0.0007489153371083493,4,{'kneighborsclassifier__n_neighbors': 4},0.45239049145299143,0.3819380958599974,0.41163314614078617,0.4508202371105597,0.44168734491315137,0.42769386309549723,0.027173910374115623,7,0.6000823299372234,0.49921115391671256,0.5489537282640731,0.5899176175038244,0.5642326423576424,0.5604794943958951,0.03559698477301796,11
0.005000162124633789,0.0006324872463547327,0.006599140167236328,0.000490137790577566,1,{'kneighborsclassifier__n_neighbors': 1},0.46634615384615385,0.3870314744678072,0.40059749249053156,0.4101185552798456,0.4535428728977116,0.42352730979641,0.03089305633874202,12,0.6104839910647805,0.5056105311624888,0.5495807674912152,0.5356895356895357,0.5943903091444075,0.5591510269104856,0.038433049168215196,12
0.004601430892944336,0.000490136329298393,0.008598041534423829,0.004408738238137751,6,{'kneighborsclassifier__n_neighbors': 6},0.4645432692307692,0.3864601018675721,0.3757019720517174,0.46384753239591947,0.4336228287841191,0.4248351408660195,0.03758360681447866,10,0.6106019507918241,0.5077201997633827,0.5014558091481168,0.611111111111111,0.5565035631776456,0.557478526798416,0.04756876881558749,13
0.00480036735534668,0.00040080866078600236,0.007398653030395508,0.0007997512959535553,16,{'kneighborsclassifier__n_neighbors': 16},0.4480502136752137,0.3584628444560533,0.3549203343345958,0.42628205128205127,0.48493934381031156,0.41453095751164515,0.05082524824713175,15,0.6046284681665972,0.4687515512534128,0.47419684571764903,0.564368513149001,0.6454464249364782,0.5514783606446276,0.07019578991563455,14
0.004599618911743164,0.0004899209169248172,0.007600021362304687,0.0017436739377544163,3,{'kneighborsclassifier__n_neighbors': 3},0.46814903846153844,0.34458665273605854,0.4035686300117539,0.4369313482216708,0.4286600496277916,0.41637914381176266,0.04140436398374687,14,0.6058639563600235,0.45277547874066865,0.5386296285500529,0.5811965811965812,0.5367028804528804,0.5430337050600413,0.05217292064253902,15
0.004601097106933594,0.0008008979053289549,0.00739893913269043,0.000800085586389903,17,{'kneighborsclassifier__n_neighbors': 17},0.398571047008547,0.3584628444560533,0.34078294371163637,0.4636752136752137,0.47105045492142267,0.4065085007545746,0.05315060493269436,16,0.5320820807426636,0.47017957020900786,0.4506644518272425,0.621102343825663,0.628352407842461,0.5404761708894077,0.07389320737508782,16
0.005600500106811524,0.0027267673809231235,0.007000255584716797,0.0019991887307814764,18,{'kneighborsclassifier__n_neighbors': 18},0.4046474358974359,0.36652736058508556,0.34685581820556355,0.44978632478632474,0.4571615660325338,0.40499570110138866,0.04378962874464871,17,0.542088276920228,0.47868470827877196,0.46252005075534486,0.601607696729648,0.6112394363736045,0.5392280338115194,0.06104859435972219,17
0.004999113082885742,1.7019813821387052e-06,0.006600046157836914,0.0004896113832334002,2,{'kneighborsclassifier__n_neighbors': 2},0.4265491452991453,0.38149732271124465,0.37583257150319965,0.4084642955610698,0.4185621725944306,0.40218110153381803,0.020118068070176968,18,0.5566047755602545,0.5090517366162219,0.5175871857805588,0.5325793400588483,0.5358090185676392,0.5303264113167045,0.01637428928762407,18
0.00459904670715332,0.0004901371875104987,0.006400632858276367,0.0010178039425111694,24,{'kneighborsclassifier__n_neighbors': 24},0.4480502136752137,0.3356895651038266,0.34685581820556355,0.39626413013509787,0.44978632478632474,0.3953292103812053,0.04827527858113397,19,0.6007305911633259,0.44298229332937383,0.4665985177613084,0.5249091121511384,0.5988767786520597,0.5268194586114413,0.06529011304867631,19
0.005000925064086914,0.0006330145836284434,0.006799888610839844,0.00040040318561869036,19,{'kneighborsclassifier__n_neighbors': 19},0.398571047008547,0.34375408123285883,0.34233381219798875,0.418217535153019,0.47105045492142267,0.39478538610276726,0.04844609218778123,20,0.535747918686829,0.4479578720943318,0.45829822645238466,0.5556219890178613,0.6289909156635454,0.5253233843829904,0.06671046048017687,20
0.005000448226928711,0.0006326365650185136,0.00679926872253418,0.0004000914216868801,20,{'kneighborsclassifier__n_neighbors': 20},0.390758547008547,0.3356895651038266,0.31446715423795213,0.44017094017094016,0.4748414667769506,0.39118553465964334,0.060602936861910206,21,0.524111406670934,0.4397138591776525,0.4122529530394699,0.5880299187991497,0.63146260254694,0.5191141480468292,0.08380960822198803,21
0.005399847030639648,0.0030063799175543537,0.005800724029541016,0.0014696462439747454,23,{'kneighborsclassifier__n_neighbors': 23},0.3924946581196581,0.3356895651038266,0.32917591746114666,0.4305555555555556,0.4513371932726772,0.3878505779025728,0.04906999075333861,22,0.5165708873558511,0.44192860190584554,0.44149893379102306,0.5739755413668457,0.6024232964018886,0.5152794521642908,0.0661284513747297,22
0.004801034927368164,0.0003995909326661038,0.006800270080566407,0.00040011697183239397,22,{'kneighborsclassifier__n_neighbors': 22},0.406383547008547,0.3356895651038266,0.31601802272430457,0.4321064240419079,0.4417218086572925,0.38638387350717573,0.05113529406414377,26,0.5410834872124246,0.44192860190584554,0.42202901398303694,0.5785581568190263,0.5893418176026872,0.5145882155046041,0.06961160689987177,23
0.004600048065185547,0.0004925121720606219,0.007197952270507813,0.0003996639762774142,28,{'kneighborsclassifier__n_neighbors': 28},0.4202724358974359,0.34375408123285883,0.3240825388533368,0.3797559966914806,0.469017094017094,0.38737642933844124,0.0523725924456934,23,0.561796950963863,0.4497599301615015,0.4374486171219383,0.499068341806547,0.6247220212737454,0.5145591722655191,0.070359372308283,24
0.004600906372070312,0.0004894162050391069,0.006798791885375977,0.00039985289009709176,21,{'kneighborsclassifier__n_neighbors': 21},0.390758547008547,0.3356895651038266,0.28518022724304554,0.4321064240419079,0.4887303556658395,0.3864930238126333,0.07126924043176212,25,0.5206940691224576,0.4397138591776525,0.3781822051936995,0.5785581568190263,0.6522277722277722,0.5138752125081216,0.09724639780791107,25
0.003998422622680664,0.0006303781207856548,0.007199478149414062,0.002638478585723882,25,{'kneighborsclassifier__n_neighbors': 25},0.4202724358974359,0.34375408123285883,0.3240825388533368,0.39898676592224985,0.44551282051282054,0.3865217284837404,0.04583047108884887,24,0.561796950963863,0.4497599301615015,0.4341501410466927,0.5299243091005105,0.5936914936914937,0.5138645649928122,0.062276096767643147,26
0.005001544952392578,9.172145872913049e-07,0.006997489929199218,1.1738332390872165e-06,29,{'kneighborsclassifier__n_neighbors': 29},0.4280849358974359,0.34375408123285883,0.30130925950111004,0.3658671078025917,0.45940170940170943,0.3796834187671411,0.057134979315985476,29,0.5706910104908338,0.45112037109835684,0.4047773056393746,0.478155372892215,0.6119897544316151,0.5033467629104791,0.07670291693059847,27
0.004999589920043945,0.0006321084807346786,0.007199478149414062,0.0009790923553243771,31,{'kneighborsclassifier__n_neighbors': 31},0.422008547008547,0.3518185973618911,0.3109246441164947,0.37120898814447206,0.44551282051282054,0.3802947194288451,0.048371668381675254,27,0.5594042271869957,0.458991360257183,0.4206493244605767,0.48461538461538456,0.5908615380786794,0.5029043669197638,0.0631782070121271,28
0.004201173782348633,0.00039971390657426574,0.00699763298034668,0.000632790207004519,30,{'kneighborsclassifier__n_neighbors': 30},0.422008547008547,0.3569119759697009,0.3109246441164947,0.3519782189137028,0.45940170940170943,0.3802450190820309,0.05321415444265739,28,0.5594042271869957,0.4684609149035164,0.41880684583170547,0.45556064306064303,0.6119897544316151,0.5028444770828951,0.07154300898573573,29
0.0046005725860595705,0.0004907013803037399,0.007198524475097656,0.00040044937851192876,26,{'kneighborsclassifier__n_neighbors': 26},0.39676816239316237,0.34375408123285883,0.33214705498236907,0.3893713813068652,0.42628205128205127,0.3776645462394614,0.03489246790157751,30,0.5279109076577432,0.4497599301615015,0.4437357037396462,0.5148091235047756,0.5643568439065624,0.5001145017940457,0.04653988044810228,30
0.004401206970214844,0.00048823067656514194,0.006997871398925781,0.0006309775762857715,27,{'kneighborsclassifier__n_neighbors': 27},0.406383547008547,0.34375408123285883,0.3240825388533368,0.3797559966914806,0.422008547008547,0.37519694215895405,0.036840334899066,33,0.5400887014075122,0.44894978439282235,0.4360529821056137,0.499068341806547,0.5550295857988166,0.4958378791022623,0.047423531374217114,31
0.004999876022338867,0.0006309028097437657,0.007999706268310546,0.0006322599710569197,32,{'kneighborsclassifier__n_neighbors': 32},0.4081196581196581,0.3649764920987332,0.3109246441164947,0.3615936035290874,0.43162393162393164,0.37544766589758105,0.04168460812174046,32,0.5348531576719876,0.4768299394606495,0.41675087364742536,0.4696725571725571,0.568005035446896,0.49322231267990313,0.0529089118223252,32
0.004799652099609375,0.0003994948825843506,0.006999683380126953,6.289914111267528e-07,34,{'kneighborsclassifier__n_neighbors': 34},0.3888888888888889,0.3518185973618911,0.3755713726002351,0.3519782189137028,0.41773504273504275,0.37719842409995213,0.024749650780653026,31,0.5079502553852987,0.458991360257183,0.49361074101264973,0.45556064306064303,0.5460969871725021,0.4924419973776553,0.03346613027532047,33
0.00619964599609375,0.0023156917376097787,0.009401226043701172,0.005387805528388758,33,{'kneighborsclassifier__n_neighbors': 33},0.4081196581196581,0.34375408123285883,0.35137782421313835,0.3519782189137028,0.41773504273504275,0.3745929650428802,0.03158064051643331,34,0.5348531576719876,0.45112037109835684,0.4751086123179146,0.45556064306064303,0.5431340150293169,0.49195535983564387,0.03933283723016608,34
0.004800844192504883,0.00039985240674997655,0.006199359893798828,0.0009798626184736477,46,{'kneighborsclassifier__n_neighbors': 46},0.375,0.3518185973618911,0.3776936136868225,0.36004273504273504,0.40384615384615385,0.37368021998752055,0.017842333105707122,35,0.4811823045804515,0.46049855862164896,0.5066693450573799,0.4622933004376303,0.5189255189255189,0.4859138055245259,0.023438497306129496,35
0.004400205612182617,0.0004904091418675448,0.007399892807006836,0.0004892209025003975,35,{'kneighborsclassifier__n_neighbors': 35},0.3888888888888889,0.3518185973618911,0.36750685647120285,0.3519782189137028,0.40384615384615385,0.3728077430963679,0.020613097327791062,36,0.5079502553852987,0.458991360257183,0.4890463843272832,0.45409874585132304,0.5189255189255189,0.4858024529493214,0.025776522179276416,36
0.004198884963989258,0.00040037990828672033,0.007201004028320313,0.00039956937775474633,47,{'kneighborsclassifier__n_neighbors': 47},0.375,0.3518185973618911,0.36453571894998044,0.36004273504273504,0.40384615384615385,0.3710486410401521,0.018025719318428723,37,0.4811823045804515,0.46049855862164896,0.4872402977614521,0.4622933004376303,0.5189255189255189,0.4820279960653403,0.021176805067981707,37
0.004800081253051758,0.0004005435818715894,0.007200050354003906,0.000748315904404285,38,{'kneighborsclassifier__n_neighbors': 38},0.375,0.3518185973618911,0.3594423403421706,0.36004273504273504,0.40384615384615385,0.3700299653185901,0.018502607088433206,38,0.4811823045804515,0.458991360257183,0.4768611234081226,0.4622933004376303,0.5189255189255189,0.47965072152178123,0.021357558802258644,38
0.004799079895019531,0.0004000445054161015,0.007200860977172851,0.00039987754571134827,36,{'kneighborsclassifier__n_neighbors': 36},0.375,0.3518185973618911,0.36241347786339295,0.3615936035290874,0.3942307692307692,0.3690112895970281,0.014601566065696531,40,0.4811823045804515,0.458991360257183,0.4787381421996808,0.4696725571725571,0.5060410096735992,0.47892507477669427,0.01564203319309065,39
0.004199552536010742,0.00039968544644369526,0.007599925994873047,0.0012007477869878332,45,{'kneighborsclassifier__n_neighbors': 45},0.375,0.3518185973618911,0.36453571894998044,0.35042735042735046,0.40384615384615385,0.3691255641170752,0.01954609587711652,39,0.4811823045804515,0.46049855862164896,0.4872402977614521,0.4459445316588173,0.5189255189255189,0.47875824230957775,0.02490536933425528,40
0.005000019073486328,0.0006322592554116299,0.00780019760131836,0.0007473350232012291,37,{'kneighborsclassifier__n_neighbors': 37},0.375,0.3518185973618911,0.3594423403421706,0.3519782189137028,0.3942307692307692,0.36649398516970677,0.016232570039433826,43,0.4811823045804515,0.458991360257183,0.47928164651979116,0.45556064306064303,0.5060410096735992,0.4762113928183336,0.018148969393504782,41
0.004600048065185547,0.0004900765894038697,0.007399463653564453,0.0008000613875271989,44,{'kneighborsclassifier__n_neighbors': 44},0.3671875,0.3518185973618911,0.35137782421313835,0.36004273504273504,0.40384615384615385,0.3668545620927836,0.01939329444236711,41,0.4703097663888032,0.46049855862164896,0.46816562708035586,0.4622933004376303,0.5189255189255189,0.47603855429079145,0.021746343132361144,42
0.004999780654907226,0.0006327118921303517,0.0074001789093017575,0.0004902520166556047,49,{'kneighborsclassifier__n_neighbors': 49},0.3671875,0.34220321274650645,0.35137782421313835,0.36004273504273504,0.40384615384615385,0.3649314851697067,0.02118309236908028,45,0.4703097663888032,0.44270113108534553,0.46816562708035586,0.4622933004376303,0.5189255189255189,0.47247906878353074,0.025183565408226034,43
0.004999399185180664,7.979011788693195e-07,0.006800317764282226,0.0003997811549937742,48,{'kneighborsclassifier__n_neighbors': 48},0.3671875,0.34220321274650645,0.35137782421313835,0.36004273504273504,0.40384615384615385,0.3649314851697067,0.02118309236908028,45,0.4703097663888032,0.44270113108534553,0.46816562708035586,0.4622933004376303,0.5189255189255189,0.47247906878353074,0.025183565408226034,43
0.005199527740478516,0.0014677835124845306,0.0076004981994628905,0.0010199561460144742,39,{'kneighborsclassifier__n_neighbors': 39},0.375,0.3518185973618911,0.3527980932480083,0.3519782189137028,0.3942307692307692,0.3651651357508743,0.017008845976685737,44,0.4811823045804515,0.458991360257183,0.4543956043956044,0.45556064306064303,0.5060410096735992,0.4712341843934963,0.019947754752976478,45
0.004999923706054688,0.0006325606861678794,0.007200956344604492,0.00039947611717213507,42,{'kneighborsclassifier__n_neighbors': 42},0.375,0.34220321274650645,0.3755713726002351,0.34615384615384615,0.3942307692307692,0.3666318401462714,0.019635418513668186,42,0.4811823045804515,0.44270113108534553,0.48933872503247994,0.4342113723557023,0.5060410096735992,0.47069490854551577,0.027646425530809045,46
0.004199314117431641,0.0003982556220196483,0.006999540328979492,1.0915301458606336e-06,43,{'kneighborsclassifier__n_neighbors': 43},0.375,0.3518185973618911,0.35137782421313835,0.34615384615384615,0.3942307692307692,0.36371620739192895,0.01822464164799297,48,0.4811823045804515,0.46049855862164896,0.46816562708035586,0.4342113723557023,0.5060410096735992,0.4700197744623516,0.023657829739062747,47
0.00459895133972168,0.001200391917228076,0.00780034065246582,0.0017195039961943079,54,{'kneighborsclassifier__n_neighbors': 54},0.375,0.3290453180096643,0.36298485046362805,0.34615384615384615,0.3942307692307692,0.3614829567715815,0.02255911081555598,49,0.4811823045804515,0.42319057280063666,0.48354827859849375,0.43662422233850806,0.5060410096735992,0.46611727759833776,0.031103830985924737,48
0.004799604415893555,0.0004007821278793102,0.0076004981994628905,0.0007997517508421927,55,{'kneighborsclassifier__n_neighbors': 55},0.375,0.3290453180096643,0.36298485046362805,0.34615384615384615,0.3888888888888889,0.3604145807032054,0.021059563913726286,51,0.4811823045804515,0.42226110697443536,0.48354827859849375,0.43408443408443415,0.5058929374718848,0.46539381234193994,0.03181115435726392,49
0.004199504852294922,0.0007475637568336631,0.007000160217285156,4.1019083342755444e-07,40,{'kneighborsclassifier__n_neighbors': 40},0.375,0.35988311349092333,0.3396401985111662,0.35042735042735046,0.3942307692307692,0.36383628633204185,0.01912762869246782,47,0.4811823045804515,0.4647841609866926,0.42516058820406644,0.44743778558211555,0.5060410096735992,0.46492116980538506,0.02771951326971827,50
0.004401302337646485,0.0004905849507552783,0.006999015808105469,2.4453890619198006e-06,41,{'kneighborsclassifier__n_neighbors': 41},0.375,0.3518185973618911,0.34473357711897606,0.33653846153846156,0.3942307692307692,0.3604642810500196,0.021194860609848296,50,0.4811823045804515,0.458991360257183,0.4410351061513852,0.42286760858189426,0.5060410096735992,0.46202347784890263,0.029283071325685448,51
0.0044005393981933595,0.0004917022697643868,0.0069996356964111325,0.0008938293973405387,53,{'kneighborsclassifier__n_neighbors': 53},0.375,0.3290453180096643,0.36298485046362805,0.34615384615384615,0.375,0.35763680292542765,0.017781418074372245,58,0.4811823045804515,0.42319057280063666,0.48354827859849375,0.43662422233850806,0.4788995726495727,0.46068899019353254,0.025531912083581167,52
0.005400800704956054,0.0023334395257698106,0.0075985431671142575,0.0004870812937792202,52,{'kneighborsclassifier__n_neighbors': 52},0.375,0.3290453180096643,0.36298485046362805,0.34615384615384615,0.375,0.35763680292542765,0.017781418074372245,58,0.4811823045804515,0.42319057280063666,0.48354827859849375,0.43662422233850806,0.4760458839406208,0.4601182524517421,0.02514745648187979,53
0.004200267791748047,0.0004014736789510568,0.006800651550292969,0.0003994712221971787,51,{'kneighborsclassifier__n_neighbors': 51},0.375,0.3290453180096643,0.34685581820556355,0.3557692307692308,0.375,0.3563340733968917,0.017502377959323967,65,0.4811823045804515,0.42428093720056775,0.46215965317954666,0.4522293903737203,0.4788995726495727,0.4597503715967718,0.020719412274805216,54
0.00459895133972168,0.000489183952137545,0.008200788497924804,0.002399373307405236,59,{'kneighborsclassifier__n_neighbors': 59},0.375,0.3269230769230769,0.34176243959775365,0.36004273504273504,0.3942307692307692,0.35959180415886693,0.02375965369635144,55,0.4811823045804515,0.39339786547530403,0.45382779892583813,0.4609157203142165,0.5060410096735992,0.4590729397938819,0.03752051793089772,55
0.004200649261474609,0.00040033287815461233,0.007600212097167968,0.0004885425464528837,50,{'kneighborsclassifier__n_neighbors': 50},0.3671875,0.3290453180096643,0.34176243959775365,0.34615384615384615,0.3846153846153846,0.3537528976753298,0.019722894319133627,82,0.47283048414459095,0.42428093720056775,0.45382779892583813,0.43662422233850806,0.49271255060728747,0.4560551986433585,0.024565420804664895,56
0.004599905014038086,0.0004899607863751631,0.007400226593017578,0.0008006339611912659,71,{'kneighborsclassifier__n_neighbors': 71},0.375,0.3269230769230769,0.3549203343345958,0.34615384615384615,0.3846153846153846,0.3575225284053807,0.020551543261239133,61,0.4839404116076811,0.39339786547530403,0.4752914126337171,0.43408443408443415,0.49271255060728747,0.45588533488168476,0.03714805542771916,57
0.004599380493164063,0.0004896288860140694,0.008000421524047851,0.0006319575297662586,60,{'kneighborsclassifier__n_neighbors': 60},0.375,0.3269230769230769,0.3498269557267859,0.34615384615384615,0.3942307692307692,0.3584269296068956,0.02355275973712928,56,0.4839404116076811,0.39339786547530403,0.4602618837101596,0.43408443408443415,0.5060410096735992,0.45554512091023563,0.03924593636094043,58
0.0057999610900878905,0.002135790649760973,0.008599805831909179,0.0023320605355149964,56,{'kneighborsclassifier__n_neighbors': 56},0.375,0.3269230769230769,0.3549203343345958,0.34615384615384615,0.3846153846153846,0.3575225284053807,0.020551543261239133,61,0.4839404116076811,0.39339786547530403,0.4728327228327228,0.43408443408443415,0.49271255060728747,0.45539359692148584,0.03690338516678934,59
0.007400941848754883,0.0031993751433569907,0.007400035858154297,0.0004900791179542252,76,{'kneighborsclassifier__n_neighbors': 76},0.3653846153846154,0.3173076923076923,0.36453571894998044,0.3557692307692308,0.3846153846153846,0.35752252840538074,0.022205076923373777,60,0.46972052301832445,0.37582907854506725,0.48870573870573863,0.4496372353515211,0.49271255060728747,0.45532102524558776,0.04259409784370682,60
0.0051997661590576175,0.0004010916996291118,0.009000015258789063,0.001789071389476291,58,{'kneighborsclassifier__n_neighbors': 58},0.375,0.3269230769230769,0.3498269557267859,0.34615384615384615,0.3942307692307692,0.3584269296068956,0.02355275973712928,56,0.4811823045804515,0.39339786547530403,0.4616312925794143,0.43408443408443415,0.5060410096735992,0.45526738127864064,0.038901409215461744,61
0.004800176620483399,0.0016008150330220205,0.008198928833007813,0.0007485963331889932,57,{'kneighborsclassifier__n_neighbors': 57},0.375,0.3269230769230769,0.3498269557267859,0.34615384615384615,0.3846153846153846,0.3565038526838187,0.02078023857338469,64,0.4839404116076811,0.39339786547530403,0.46450193084717567,0.43408443408443415,0.49271255060728747,0.45372743852437647,0.03626088084747706,62
0.006201171875,0.0019406578370229819,0.00840010643005371,0.001198524070429656,74,{'kneighborsclassifier__n_neighbors': 74},0.3653846153846154,0.3173076923076923,0.36453571894998044,0.34615384615384615,0.3846153846153846,0.35559945148230376,0.022684836191340707,74,0.46972052301832445,0.37582907854506725,0.4947496947496947,0.43408443408443415,0.49271255060728747,0.4534192562009616,0.04452408438302727,63
0.004200506210327149,0.0004005202616065112,0.0077994346618652345,0.0007485959079621763,79,{'kneighborsclassifier__n_neighbors': 79},0.375,0.3173076923076923,0.3653846153846154,0.3557692307692308,0.3846153846153846,0.3596153846153846,0.023236626872297255,52,0.4839404116076811,0.37582907854506725,0.46455750796499573,0.4496372353515211,0.49271255060728747,0.4533353568153105,0.04155494848960017,64
0.004798984527587891,0.0007480362550168211,0.007402229309082031,0.0014957203604336704,73,{'kneighborsclassifier__n_neighbors': 73},0.375,0.3173076923076923,0.3549203343345958,0.34615384615384615,0.3846153846153846,0.35559945148230376,0.02355523355510891,74,0.4839404116076811,0.37582907854506725,0.47988939165409744,0.43408443408443415,0.49271255060728747,0.45329117329971347,0.04374965364976899,65
0.005200052261352539,0.0003999954861021219,0.007200002670288086,0.00039994757505870703,72,{'kneighborsclassifier__n_neighbors': 72},0.375,0.3173076923076923,0.3549203343345958,0.34615384615384615,0.3846153846153846,0.35559945148230376,0.02355523355510891,74,0.4839404116076811,0.37582907854506725,0.478083028083028,0.43408443408443415,0.49271255060728747,0.45292990058549953,0.043535455037183236,66
0.004797458648681641,0.00039959340787848723,0.007999086380004882,0.0006321840182319253,77,{'kneighborsclassifier__n_neighbors': 77},0.375,0.3173076923076923,0.3653846153846154,0.3557692307692308,0.3846153846153846,0.3596153846153846,0.023236626872297255,52,0.4839404116076811,0.37582907854506725,0.4621385706492089,0.4496372353515211,0.49271255060728747,0.45285156935215315,0.041435391552869474,67
0.004999208450317383,0.0006323343002544818,0.009200477600097656,0.002993128076678266,63,{'kneighborsclassifier__n_neighbors': 63},0.375,0.3269230769230769,0.3527980932480083,0.34615384615384615,0.3846153846153846,0.35709808018806316,0.02062269499469546,63,0.4839404116076811,0.39339786547530403,0.45816410303256017,0.43408443408443415,0.49271255060728747,0.45245987296145335,0.03597170580897497,68
0.004599952697753906,0.0007987744113711256,0.008199644088745118,0.0009787042004388098,78,{'kneighborsclassifier__n_neighbors': 78},0.375,0.3173076923076923,0.3653846153846154,0.3557692307692308,0.3846153846153846,0.3596153846153846,0.023236626872297255,52,0.4839404116076811,0.37582907854506725,0.4593792172739541,0.4496372353515211,0.49271255060728747,0.45229969867710224,0.04132625643289652,69
0.0045989036560058595,0.0004904076350327055,0.0074007511138916016,0.0004900767517882294,61,{'kneighborsclassifier__n_neighbors': 61},0.375,0.3269230769230769,0.34176243959775365,0.34615384615384615,0.3846153846153846,0.35489094945801225,0.02153514615020765,78,0.4839404116076811,0.39339786547530403,0.45382779892583813,0.43408443408443415,0.49271255060728747,0.45159261214010893,0.035875870353528544,70
0.004999685287475586,0.0006314305556189107,0.006799030303955078,0.0007493623819816639,75,{'kneighborsclassifier__n_neighbors': 75},0.3653846153846154,0.3173076923076923,0.3543489617343607,0.3557692307692308,0.3846153846153846,0.3554851769622568,0.021933808995025384,77,0.46972052301832445,0.37582907854506725,0.46184241024766354,0.4496372353515211,0.49271255060728747,0.4499483595539727,0.03963571001497509,71
0.004800748825073242,0.00039885122126500055,0.006999826431274414,7.008046367978606e-07,64,{'kneighborsclassifier__n_neighbors': 64},0.375,0.3269230769230769,0.34770471464019853,0.34615384615384615,0.3846153846153846,0.35607940446650127,0.020933392805390413,66,0.4839404116076811,0.39339786547530403,0.43805911303260187,0.43408443408443415,0.49271255060728747,0.44843887496146173,0.03623208416661076,72
0.0055996417999267575,0.001199889906680394,0.0089996337890625,0.0025306569629324196,80,{'kneighborsclassifier__n_neighbors': 80},0.3653846153846154,0.3173076923076923,0.35732009925558317,0.3557692307692308,0.3846153846153846,0.35607940446650127,0.02193522422176588,66,0.46972052301832445,0.37582907854506725,0.453525641025641,0.4496372353515211,0.49271255060728747,0.4482850057095682,0.039274526891411345,73
0.005000066757202148,0.0006319576017247848,0.008399534225463866,0.001199945567782278,82,{'kneighborsclassifier__n_neighbors': 82},0.375,0.3173076923076923,0.34770471464019853,0.3557692307692308,0.3846153846153846,0.35607940446650127,0.023434028247548512,66,0.4839404116076811,0.37582907854506725,0.43881909372956573,0.4496372353515211,0.49271255060728747,0.4481876739682245,0.04143998249020836,74
0.004799938201904297,0.0003997590017483523,0.009000253677368165,0.0017878453419906083,70,{'kneighborsclassifier__n_neighbors': 70},0.375,0.3269230769230769,0.34770471464019853,0.34615384615384615,0.3846153846153846,0.35607940446650127,0.020933392805390413,66,0.4839404116076811,0.39339786547530403,0.4352720450281426,0.43408443408443415,0.49271255060728747,0.44788146136056983,0.03640849356527313,75
0.0048007965087890625,0.000748647428507469,0.008199262619018554,0.001600796098064943,65,{'kneighborsclassifier__n_neighbors': 65},0.375,0.3269230769230769,0.34770471464019853,0.34615384615384615,0.3846153846153846,0.35607940446650127,0.020933392805390413,66,0.4839404116076811,0.39339786547530403,0.4352720450281426,0.43408443408443415,0.49271255060728747,0.44788146136056983,0.03640849356527313,75
0.00500035285949707,1.4064675525429367e-06,0.006999969482421875,7.539457464619588e-07,62,{'kneighborsclassifier__n_neighbors': 62},0.375,0.3269230769230769,0.34770471464019853,0.34615384615384615,0.3846153846153846,0.35607940446650127,0.020933392805390413,66,0.4839404116076811,0.39339786547530403,0.4352720450281426,0.43408443408443415,0.49271255060728747,0.44788146136056983,0.03640849356527313,75
0.006599807739257812,0.0018550111029192586,0.00839982032775879,0.0014964081833674962,69,{'kneighborsclassifier__n_neighbors': 69},0.375,0.3269230769230769,0.34770471464019853,0.34615384615384615,0.3846153846153846,0.35607940446650127,0.020933392805390413,66,0.4839404116076811,0.39339786547530403,0.4352720450281426,0.43408443408443415,0.49271255060728747,0.44788146136056983,0.03640849356527313,75
0.00460052490234375,0.0004896884994404966,0.007399511337280273,0.0004900183224221362,81,{'kneighborsclassifier__n_neighbors': 81},0.3653846153846154,0.3173076923076923,0.3557692307692308,0.3557692307692308,0.3846153846153846,0.3557692307692308,0.02192645048267573,73,0.46972052301832445,0.37582907854506725,0.4496372353515211,0.4496372353515211,0.49271255060728747,0.4475073245747442,0.039201486297007065,79
0.004799842834472656,0.00039994766033500277,0.007600259780883789,0.0004900377176796413,66,{'kneighborsclassifier__n_neighbors': 66},0.375,0.3269230769230769,0.3396401985111662,0.34615384615384615,0.3846153846153846,0.3544665012406948,0.021808894746868375,79,0.4839404116076811,0.39339786547530403,0.4279139663755049,0.43408443408443415,0.49271255060728747,0.4464098456300423,0.03703178966754133,80
0.005400896072387695,0.0007998946242466948,0.009199190139770507,0.0029936602942076977,68,{'kneighborsclassifier__n_neighbors': 68},0.375,0.3269230769230769,0.3396401985111662,0.34615384615384615,0.3846153846153846,0.3544665012406948,0.021808894746868375,79,0.4839404116076811,0.39339786547530403,0.42516058820406644,0.43408443408443415,0.49271255060728747,0.44585916999575465,0.037322069619438514,81
0.0046007633209228516,0.0004907586164014347,0.007599353790283203,0.0008011464113528738,67,{'kneighborsclassifier__n_neighbors': 67},0.375,0.3269230769230769,0.331575682382134,0.34615384615384615,0.3846153846153846,0.35285359801488836,0.023105421449125953,83,0.4839404116076811,0.39339786547530403,0.41917911148680387,0.43408443408443415,0.49271255060728747,0.4446628746523021,0.038055020758110424,82
0.005000019073486328,0.0008944160629643487,0.00879974365234375,0.0011656808158650596,85,{'kneighborsclassifier__n_neighbors': 85},0.3653846153846154,0.3173076923076923,0.3557692307692308,0.34615384615384615,0.3846153846153846,0.3538461538461538,0.022261224813058124,81,0.46972052301832445,0.37582907854506725,0.4496372353515211,0.43408443408443415,0.49271255060728747,0.4443967643213268,0.03952478256289158,83
0.004400205612182617,0.0004906025810131725,0.00820016860961914,0.0019392710454932559,83,{'kneighborsclassifier__n_neighbors': 83},0.3557692307692308,0.3173076923076923,0.34770471464019853,0.3557692307692308,0.3846153846153846,0.35223325062034744,0.021512373996717855,84,0.45492986657543616,0.37582907854506725,0.43881909372956573,0.4496372353515211,0.49271255060728747,0.4423855649617755,0.03790840886074545,84
0.004999303817749023,0.0006324118781037816,0.007599830627441406,0.000800491123170713,84,{'kneighborsclassifier__n_neighbors': 84},0.3557692307692308,0.3173076923076923,0.34770471464019853,0.3557692307692308,0.3846153846153846,0.35223325062034744,0.021512373996717855,84,0.45492986657543616,0.37582907854506725,0.43881909372956573,0.4496372353515211,0.49271255060728747,0.4423855649617755,0.03790840886074545,84
0.004799413681030274,0.0007478951704795071,0.008200788497924804,0.0011660732055464135,86,{'kneighborsclassifier__n_neighbors': 86},0.3557692307692308,0.3173076923076923,0.3557692307692308,0.34615384615384615,0.3846153846153846,0.3519230769230769,0.02158648492369581,87,0.45492986657543616,0.37582907854506725,0.4496372353515211,0.43408443408443415,0.49271255060728747,0.4414386330327492,0.03804456063136685,86
0.004600000381469726,0.00048935689298105,0.007998800277709961,0.0008943091084620172,88,{'kneighborsclassifier__n_neighbors': 88},0.3557692307692308,0.3076923076923077,0.3653846153846154,0.3557692307692308,0.375,0.35192307692307695,0.02323662687229725,86,0.45492986657543616,0.3573515092502434,0.46455750796499573,0.4496372353515211,0.4788995726495727,0.4410751383583539,0.04302794111206283,87
0.00540003776550293,0.0004897067377116922,0.00959935188293457,0.00332227106278822,87,{'kneighborsclassifier__n_neighbors': 87},0.34615384615384615,0.3076923076923077,0.3653846153846154,0.34615384615384615,0.3846153846153846,0.35,0.02551249838734922,88,0.4395148375597054,0.3573515092502434,0.46455750796499573,0.43408443408443415,0.49271255060728747,0.43764416789333327,0.04521047841001053,88
0.004799604415893555,0.0003993524437498102,0.008200407028198242,0.0009794232095459731,89,{'kneighborsclassifier__n_neighbors': 89},0.3557692307692308,0.3076923076923077,0.3653846153846154,0.34615384615384615,0.3653846153846154,0.34807692307692306,0.021414478318577013,89,0.45492986657543616,0.3573515092502434,0.46455750796499573,0.43408443408443415,0.46455750796499573,0.435096165168021,0.04043407541635975,89
0.005600929260253906,0.0013564804304509168,0.008999872207641601,0.002608351512538875,90,{'kneighborsclassifier__n_neighbors': 90},0.3557692307692308,0.3076923076923077,0.3653846153846154,0.34615384615384615,0.3653846153846154,0.34807692307692306,0.021414478318577013,89,0.45492986657543616,0.3573515092502434,0.46455750796499573,0.43408443408443415,0.46455750796499573,0.435096165168021,0.04043407541635975,89
0.004599380493164063,0.0004901164972216833,0.008200359344482423,0.001165615206748934,91,{'kneighborsclassifier__n_neighbors': 91},0.3557692307692308,0.3076923076923077,0.3653846153846154,0.34615384615384615,0.35732009925558317,0.34646401985111663,0.020326200909451513,91,0.45492986657543616,0.3573515092502434,0.46455750796499573,0.43408443408443415,0.453525641025641,0.4328897917801501,0.03904332649053244,91
0.004599666595458985,0.0004899631763043274,0.007401037216186524,0.0004902448464194627,95,{'kneighborsclassifier__n_neighbors': 95},0.34615384615384615,0.3173076923076923,0.3557692307692308,0.34615384615384615,0.3653846153846154,0.34615384615384615,0.016089615894886083,92,0.4395148375597054,0.37582907854506725,0.4496372353515211,0.43408443408443415,0.46455750796499573,0.4327246187011447,0.030280119222099493,92
0.0047992229461669925,0.00039821186400367957,0.0075991153717041016,0.0004894947222924144,97,{'kneighborsclassifier__n_neighbors': 97},0.34615384615384615,0.3173076923076923,0.3557692307692308,0.33653846153846156,0.375,0.34615384615384615,0.019230769230769235,92,0.4395148375597054,0.37582907854506725,0.4496372353515211,0.41783882783882775,0.4788995726495727,0.43234391038893893,0.03441579466292399,93
0.004601144790649414,0.0004887337934457596,0.007999420166015625,0.000631732360193678,92,{'kneighborsclassifier__n_neighbors': 92},0.3557692307692308,0.3076923076923077,0.35732009925558317,0.34615384615384615,0.34770471464019853,0.3429280397022333,0.01814831577424116,94,0.45492986657543616,0.3573515092502434,0.453525641025641,0.43408443408443415,0.43881909372956573,0.4277421089330641,0.036115719284001674,94
0.004400968551635742,0.000489590099492047,0.008198118209838868,0.0007481115727036579,94,{'kneighborsclassifier__n_neighbors': 94},0.33653846153846156,0.3076923076923077,0.34770471464019853,0.34615384615384615,0.375,0.34261786600496275,0.021650568439842994,95,0.42341594865794413,0.3573515092502434,0.43881909372956573,0.43408443408443415,0.4788995726495727,0.42651411167435205,0.03935993667299186,95
0.004799461364746094,0.0003992796905177154,0.007201242446899414,0.0009797065710307738,93,{'kneighborsclassifier__n_neighbors': 93},0.34615384615384615,0.3076923076923077,0.35732009925558317,0.34615384615384615,0.34770471464019853,0.3410049627791564,0.017168723552970545,96,0.4395148375597054,0.3573515092502434,0.453525641025641,0.43408443408443415,0.43881909372956573,0.4246591031299179,0.034274259282409195,96
0.005599021911621094,0.0013557784812423142,0.007800626754760742,0.0003991378641798825,96,{'kneighborsclassifier__n_neighbors': 96},0.33653846153846156,0.3173076923076923,0.3557692307692308,0.3269230769230769,0.3653846153846154,0.3403846153846154,0.017833881722107137,97,0.42341594865794413,0.37582907854506725,0.4496372353515211,0.4008332959992832,0.46455750796499573,0.42285461330376234,0.032103254350375976,97
0.004599857330322266,0.0004898255577215361,0.00699925422668457,0.0006318067514622673,99,{'kneighborsclassifier__n_neighbors': 99},0.33653846153846156,0.3173076923076923,0.3380893300248139,0.33653846153846156,0.3653846153846154,0.3387717121588089,0.015358328218387767,98,0.42341594865794413,0.37582907854506725,0.42350828065113777,0.41783882783882775,0.46455750796499573,0.4210299287315946,0.028141732198778243,98
0.004799318313598633,0.0003995657927438291,0.0070000171661376955,0.0006321836010218362,98,{'kneighborsclassifier__n_neighbors': 98},0.33653846153846156,0.3173076923076923,0.3380893300248139,0.33653846153846156,0.3557692307692308,0.336848635235732,0.012178416357341139,99,0.42341594865794413,0.37582907854506725,0.42350828065113777,0.41783882783882775,0.4496372353515211,0.4180458742088996,0.023828513956573774,99
0.004798173904418945,0.0007483925550445332,0.0,0.0,0,{'kneighborsclassifier__n_neighbors': 0},,,,,,,,100,,,,,,,,100
