mean_fit_time,std_fit_time,mean_score_time,std_score_time,param_mlpclassifier__learning_rate,param_mlpclassifier__hidden_layer_sizes,param_mlpclassifier__activation,params,split0_test_balanced_accuracy,split1_test_balanced_accuracy,split2_test_balanced_accuracy,split3_test_balanced_accuracy,split4_test_balanced_accuracy,mean_test_balanced_accuracy,std_test_balanced_accuracy,rank_test_balanced_accuracy,split0_test_f1_weighted,split1_test_f1_weighted,split2_test_f1_weighted,split3_test_f1_weighted,split4_test_f1_weighted,mean_test_f1_weighted,std_test_f1_weighted,rank_test_f1_weighted
1.7770048141479493,0.18649309617810791,0.004199075698852539,0.00039938297144708086,constant,"(200, 200)",relu,"{'mlpclassifier__learning_rate': 'constant', 'mlpclassifier__hidden_layer_sizes': (200, 200), 'mlpclassifier__activation': 'relu'}",0.6756810897435898,0.5401103565365026,0.7718590831918506,0.5787496553625585,0.5574855252274606,0.6247771420123923,0.0872232366922819,4,0.7695786303650565,0.6745964904547737,0.7097012021402265,0.7317316411796267,0.7139327168994688,0.7199081362078303,0.0309838204211901,1
1.7968059062957764,0.15863418389210923,0.004393577575683594,0.00048582284227592605,invscaling,"(200, 200)",relu,"{'mlpclassifier__learning_rate': 'invscaling', 'mlpclassifier__hidden_layer_sizes': (200, 200), 'mlpclassifier__activation': 'relu'}",0.663528311965812,0.5173370771842758,0.7602520569413609,0.5691342707471739,0.640818858560794,0.6302141150798832,0.08319150880926945,3,0.7676299531102212,0.6477097469254451,0.7007948367182293,0.7181113195747343,0.7379813463847077,0.7144454405426675,0.040089803434975695,2
0.7684015750885009,0.029815670900283083,0.0032013416290283202,0.00040038374155839675,invscaling,"(50, 50, 50, 50)",relu,"{'mlpclassifier__learning_rate': 'invscaling', 'mlpclassifier__hidden_layer_sizes': (50, 50, 50, 50), 'mlpclassifier__activation': 'relu'}",0.6539797008547008,0.5224304557920857,0.6564744678072352,0.5830231596360629,0.5413564929693961,0.5914528554118961,0.0556456888350541,23,0.748860092393389,0.6495784670365723,0.711994301994302,0.7315146094215862,0.6951282051282052,0.7074151351948109,0.0341042130473184,3
2.898004722595215,0.7699486290808706,0.005195522308349609,0.000393797277052409,invscaling,"(200, 200, 200)",tanh,"{'mlpclassifier__learning_rate': 'invscaling', 'mlpclassifier__hidden_layer_sizes': (200, 200, 200), 'mlpclassifier__activation': 'tanh'}",0.6486378205128205,0.5137945670628183,0.6256366723259763,0.7431761786600496,0.6246898263027295,0.6311870129728788,0.0730754541385472,2,0.7310178588823051,0.6496089082093655,0.6714681714681714,0.7638565277663022,0.7140147677900094,0.7059932468232307,0.041011973271277744,4
0.7364021301269531,0.018936736367726185,0.0033983230590820313,0.0004892794596235521,adaptive,"(50, 50, 50, 50)",relu,"{'mlpclassifier__learning_rate': 'adaptive', 'mlpclassifier__hidden_layer_sizes': (50, 50, 50, 50), 'mlpclassifier__activation': 'relu'}",0.6599893162393162,0.5173370771842758,0.742572156196944,0.6236214502343534,0.6466432313206507,0.638032646235108,0.0724704762436763,1,0.7557924346731807,0.6477097469254451,0.6762774149555055,0.7024917539228809,0.7398190045248868,0.7044180710003799,0.0397592569767056,5
0.7867988109588623,0.05797619346009652,0.0037987232208251953,0.00039923553786932385,invscaling,"(50, 50, 50, 50)",tanh,"{'mlpclassifier__learning_rate': 'invscaling', 'mlpclassifier__hidden_layer_sizes': (50, 50, 50, 50), 'mlpclassifier__activation': 'tanh'}",0.671340811965812,0.5179084497845109,0.6352520569413609,0.6215880893300247,0.5413564929693961,0.597489180198221,0.05821482117932691,20,0.7784217484462139,0.6341898104414636,0.6855280690897129,0.711462610716342,0.690440107156525,0.7000084691700514,0.04671867100066693,6
0.8136001586914062,0.020284281684103424,0.0036005020141601563,0.0004899076480457228,adaptive,"(50, 50, 50, 50)",tanh,"{'mlpclassifier__learning_rate': 'adaptive', 'mlpclassifier__hidden_layer_sizes': (50, 50, 50, 50), 'mlpclassifier__activation': 'tanh'}",0.649639423076923,0.5047505550476687,0.6008717513386443,0.7315274331403363,0.6188654535428729,0.6211309232292891,0.07343034857712001,6,0.7534456820702964,0.6220845610769958,0.6469019947280816,0.7599115560473875,0.7129669035953289,0.6990621395036181,0.05567726994689431,7
1.0832006454467773,0.012781127194924162,0.004000186920166016,3.969508245137674e-06,invscaling,"(100, 100, 100)",relu,"{'mlpclassifier__learning_rate': 'invscaling', 'mlpclassifier__hidden_layer_sizes': (100, 100, 100), 'mlpclassifier__activation': 'relu'}",0.6279380341880342,0.5188879456706282,0.6484099516782029,0.5903984008822718,0.5348428453267162,0.5840954355491708,0.050549168523708735,32,0.730632911392405,0.6520790752795287,0.7007967243261362,0.7326436781609196,0.6784667107583775,0.6989238199834734,0.03085101783860329,8
0.8376010894775391,0.07109335400530377,0.004802036285400391,0.0017192061862932395,invscaling,"(100, 100)",relu,"{'mlpclassifier__learning_rate': 'invscaling', 'mlpclassifier__hidden_layer_sizes': (100, 100), 'mlpclassifier__activation': 'relu'}",0.626201923076923,0.5077216925688912,0.7592725610552437,0.5799214226633582,0.6327543424317618,0.6211743883592356,0.08222383851954067,5,0.7203068601032148,0.6316224495693891,0.6832722832722832,0.7262140413214312,0.7269820442528331,0.6976795357038302,0.03675855921762866,9
1.5569913387298584,0.28136517416554213,0.004201030731201172,0.0004007351676472067,adaptive,"(200, 200)",relu,"{'mlpclassifier__learning_rate': 'adaptive', 'mlpclassifier__hidden_layer_sizes': (200, 200), 'mlpclassifier__activation': 'relu'}",0.647903311965812,0.5077216925688912,0.7278633929737496,0.6226564653984008,0.5252274607113316,0.606274464723637,0.0813221545467005,11,0.7443903069595396,0.6316554091668775,0.6598959693954292,0.7818981282613147,0.6663804772402057,0.6968440582046733,0.05663495669472533,10
1.1512014865875244,0.009453355044585113,0.004199075698852539,0.0004008826282287926,constant,"(100, 100, 100)",tanh,"{'mlpclassifier__learning_rate': 'constant', 'mlpclassifier__hidden_layer_sizes': (100, 100, 100), 'mlpclassifier__activation': 'tanh'}",0.6600560897435898,0.48352814418179446,0.6089362674676766,0.654707747449683,0.6327543424317618,0.6079965182549011,0.06480485637270002,10,0.7438753651411879,0.599914180180159,0.659825029092075,0.7532544378698225,0.7260482654600301,0.696583455548655,0.05833083350870579,11
0.7572033405303955,0.024436464122108013,0.0035984992980957033,0.0004866147006218188,constant,"(50, 50, 50, 50)",relu,"{'mlpclassifier__learning_rate': 'constant', 'mlpclassifier__hidden_layer_sizes': (50, 50, 50, 50), 'mlpclassifier__activation': 'relu'}",0.686030982905983,0.5269524617996605,0.6029939924252318,0.5536945133719328,0.6166253101736973,0.5972594521353011,0.05500778647570208,21,0.7703435804701627,0.6630584409212611,0.6399992625344737,0.7058495881401502,0.7036491140968753,0.6965799972325846,0.04450177123978995,12
2.851797580718994,0.39585265991811047,0.0053985595703125,0.0013578032936186848,adaptive,"(200, 200, 200)",relu,"{'mlpclassifier__learning_rate': 'adaptive', 'mlpclassifier__hidden_layer_sizes': (200, 200, 200), 'mlpclassifier__activation': 'relu'}",0.6852964743589743,0.5188879456706282,0.4961146663184015,0.6401295836779708,0.5171629445822994,0.5715183229216548,0.07624060340816563,48,0.78543352688249,0.6534600338025506,0.6445521506497116,0.7337916044296902,0.6537011599511598,0.6941876951431205,0.05595687741085517,13
1.0774017810821532,0.022595477347895347,0.004197311401367187,0.00039949989109857334,constant,"(100, 100, 100)",relu,"{'mlpclassifier__learning_rate': 'constant', 'mlpclassifier__hidden_layer_sizes': (100, 100, 100), 'mlpclassifier__activation': 'relu'}",0.663528311965812,0.511394802141831,0.7396010186757216,0.5776812792941826,0.608560794044665,0.6201532412244425,0.0773509130565071,7,0.7678745948140202,0.6300759678163743,0.6606263301915476,0.7180849746067138,0.6898041185883753,0.6932931972034062,0.04743992634415148,14
0.5865992546081543,0.011429467952328106,0.003200054168701172,0.0003997091851657258,invscaling,"(50, 50, 50)",relu,"{'mlpclassifier__learning_rate': 'invscaling', 'mlpclassifier__hidden_layer_sizes': (50, 50, 50), 'mlpclassifier__activation': 'relu'}",0.6617922008547008,0.49908580383962386,0.6256366723259763,0.5398056244830438,0.5494210090984284,0.5751482621203546,0.05958647972051485,40,0.7587198843427333,0.6336913602313905,0.674230376669401,0.6927276033659012,0.7033630620587144,0.6925464573336282,0.0407316964036742,15
2.5804014205932617,0.38377025182490104,0.0053961753845214845,0.000491601983446375,constant,"(200, 200, 200)",relu,"{'mlpclassifier__learning_rate': 'constant', 'mlpclassifier__hidden_layer_sizes': (200, 200, 200), 'mlpclassifier__activation': 'relu'}",0.6581864316239316,0.5269524617996605,0.7567095468199033,0.530362558588365,0.5391163496002206,0.6022654696864163,0.09144398951775574,13,0.7532976776785252,0.6620491470064623,0.7014850427350428,0.6568332901666235,0.6788459057712155,0.6905022126715739,0.03505120757002567,16
0.6490025043487548,0.007373278656267088,0.0037973403930664064,0.0003996309154273647,adaptive,"(50, 50, 50)",tanh,"{'mlpclassifier__learning_rate': 'adaptive', 'mlpclassifier__hidden_layer_sizes': (50, 50, 50), 'mlpclassifier__activation': 'tanh'}",0.632278311965812,0.525401593313308,0.6008717513386443,0.5787496553625585,0.5413564929693961,0.5757315609899438,0.03886752901352549,39,0.719635115051504,0.6578618653979267,0.6476871276871277,0.7328623757195185,0.690440107156525,0.6896973182025204,0.03328182016795376,17
0.4664015769958496,0.00602047515859536,0.003999519348144531,1.112165812462864e-06,adaptive,"(50, 50)",tanh,"{'mlpclassifier__learning_rate': 'adaptive', 'mlpclassifier__hidden_layer_sizes': (50, 50), 'mlpclassifier__activation': 'tanh'}",0.5984241452991452,0.5208795873057332,0.7653454355491707,0.6413013509787703,0.5317411083540116,0.6115383254973661,0.08865782445434667,8,0.691445282570926,0.6433425398229351,0.7009034974151254,0.7296037296037295,0.67714070243482,0.6884871503695071,0.02835583555509737,18
1.4835968494415284,0.29586046726924187,0.004594850540161133,0.0004920670543365018,adaptive,"(200, 200)",tanh,"{'mlpclassifier__learning_rate': 'adaptive', 'mlpclassifier__hidden_layer_sizes': (200, 200), 'mlpclassifier__activation': 'tanh'}",0.6522435897435898,0.49668603891863655,0.6008717513386443,0.5595188861317894,0.640818858560794,0.5900278249386908,0.056941383177728636,26,0.7333338888842593,0.6097223699606424,0.6476871276871277,0.7092300457067581,0.7380614453139115,0.6876069755105398,0.050524780705006656,19
0.612401008605957,0.016643779842922028,0.0036011219024658205,0.0004904120627957394,adaptive,"(50, 50, 50)",relu,"{'mlpclassifier__learning_rate': 'adaptive', 'mlpclassifier__hidden_layer_sizes': (50, 50, 50), 'mlpclassifier__activation': 'relu'}",0.6739449786324786,0.49908580383962386,0.7329567715815595,0.5440791287565482,0.5413564929693961,0.5982846351559212,0.08930904806992096,19,0.7596295373746065,0.6336913602313905,0.6571857224931452,0.6896517804446193,0.6909763905562224,0.6862269582199968,0.04248672161957995,20
0.8244048595428467,0.03628365912829565,0.004196023941040039,0.0003971327501234183,adaptive,"(100, 100)",tanh,"{'mlpclassifier__learning_rate': 'adaptive', 'mlpclassifier__hidden_layer_sizes': (100, 100), 'mlpclassifier__activation': 'tanh'}",0.6305422008547008,0.5077216925688912,0.6454388141569805,0.5382547559966915,0.6188654535428729,0.5881645834240274,0.05473717741017358,27,0.7082863089962055,0.6313017865040093,0.6884992790193903,0.6895067520190479,0.7125938312894835,0.6860375915656274,0.029032198093467448,21
0.8317979335784912,0.023149438167135085,0.0035993099212646485,0.0004895228845355569,constant,"(50, 50, 50, 50)",tanh,"{'mlpclassifier__learning_rate': 'constant', 'mlpclassifier__hidden_layer_sizes': (50, 50, 50, 50), 'mlpclassifier__activation': 'tanh'}",0.6600560897435898,0.49668603891863655,0.5912563667232598,0.6401295836779708,0.6166253101736973,0.600950677847431,0.05698986765238296,14,0.7444985394352484,0.6112384089942253,0.6324963722223995,0.7303332261866495,0.7018109341638753,0.6840754962004796,0.05304887331511433,22
1.763603687286377,0.25600329244880804,0.004800128936767578,0.0003989214763779699,invscaling,"(200, 200)",tanh,"{'mlpclassifier__learning_rate': 'invscaling', 'mlpclassifier__hidden_layer_sizes': (200, 200), 'mlpclassifier__activation': 'tanh'}",0.6461672008547008,0.5041791824474338,0.6322809194201384,0.5456299972429005,0.5332919768403639,0.5723098553611075,0.05644011742168784,47,0.7318493553317397,0.6345980952987136,0.6746626930812386,0.6943935693935693,0.6783553109857215,0.6827718048181965,0.03146312373575468,23
1.1990040779113769,0.033121088230943195,0.004201126098632812,0.0003971542998771092,adaptive,"(100, 100, 100)",tanh,"{'mlpclassifier__learning_rate': 'adaptive', 'mlpclassifier__hidden_layer_sizes': (100, 100, 100), 'mlpclassifier__activation': 'tanh'}",0.6183226495726496,0.5077216925688912,0.6256366723259763,0.6428522194651227,0.526778329197684,0.5842623126260647,0.05561941431988115,31,0.7150363943045572,0.6311794819550213,0.6705674816139933,0.7308783415166393,0.6659883326549993,0.6827300064090421,0.03590997658994098,24
0.8007997035980224,0.02097137808871271,0.00380096435546875,0.0004021596535134794,constant,"(100, 100)",tanh,"{'mlpclassifier__learning_rate': 'constant', 'mlpclassifier__hidden_layer_sizes': (100, 100), 'mlpclassifier__activation': 'tanh'}",0.640090811965812,0.49908580383962386,0.6008717513386443,0.5552453818582851,0.5413564929693961,0.5673300483943523,0.048779332126325334,50,0.7320247025586324,0.6339956187468698,0.64638567511426,0.7105128205128205,0.690440107156525,0.6826717848178215,0.037302095090879867,25
0.7598045349121094,0.021308010937533532,0.003999853134155273,6.919234141241857e-06,adaptive,"(100, 100)",relu,"{'mlpclassifier__learning_rate': 'adaptive', 'mlpclassifier__hidden_layer_sizes': (100, 100), 'mlpclassifier__activation': 'relu'}",0.6105101495726496,0.5026283139610813,0.7147054982369074,0.557968017645437,0.6327543424317618,0.6037132643695674,0.0714417981846458,12,0.7064026366172762,0.630337552742616,0.6435087348548887,0.704014504014504,0.7262920552836518,0.6821110967025874,0.03792739764032361,26
1.1500032901763917,0.02247112267254141,0.004196977615356446,0.00040185496701690686,invscaling,"(100, 100, 100)",tanh,"{'mlpclassifier__learning_rate': 'invscaling', 'mlpclassifier__hidden_layer_sizes': (100, 100, 100), 'mlpclassifier__activation': 'tanh'}",0.6583199786324786,0.49965717643985896,0.6271875408123286,0.6289633305762338,0.5252274607113316,0.5878710974344463,0.06309250396942027,28,0.7320067999306258,0.6207181955092516,0.6740625718886588,0.7169210419210419,0.6659191799975545,0.6819255578494265,0.039489711567951384,27
2.5819933891296385,0.6917523632400239,0.004999971389770508,8.996945507103542e-07,adaptive,"(200, 200, 200)",tanh,"{'mlpclassifier__learning_rate': 'adaptive', 'mlpclassifier__hidden_layer_sizes': (200, 200, 200), 'mlpclassifier__activation': 'tanh'}",0.6026976495726496,0.5047505550476687,0.6095076400679117,0.7118141714915909,0.6166253101736973,0.6090790652707037,0.0656304686108198,9,0.6921883508740735,0.6207344225465374,0.6494815044110819,0.743023014721128,0.702121212121212,0.6815097009348066,0.04252574647580241,28
1.1062052249908447,0.011287355612428942,0.004397106170654297,0.0004888571987611505,adaptive,"(100, 100, 100)",relu,"{'mlpclassifier__learning_rate': 'adaptive', 'mlpclassifier__hidden_layer_sizes': (100, 100, 100), 'mlpclassifier__activation': 'relu'}",0.6564503205128205,0.5290747028862479,0.6140296460754865,0.5418389853873725,0.5252274607113316,0.5733242231146518,0.05259185928627913,44,0.7424375844298794,0.6538507905596512,0.6636949981323225,0.6788766788766788,0.6658777120315582,0.680947552806018,0.03176254956991722,29
0.7692008495330811,0.05256373339490072,0.00400075912475586,0.0006331638282055858,constant,"(100, 100)",relu,"{'mlpclassifier__learning_rate': 'constant', 'mlpclassifier__hidden_layer_sizes': (100, 100), 'mlpclassifier__activation': 'relu'}",0.6426282051282052,0.5077216925688912,0.5918277393234948,0.5521436448855804,0.6327543424317618,0.5854151248675867,0.05039587383745105,29,0.7212092511295133,0.6319252281424786,0.6214474101798045,0.7022055275462153,0.7259302389153135,0.6805435311826651,0.04480845235477552,30
0.6750020503997802,0.007821988437817836,0.004000091552734375,0.0006324256660886393,constant,"(200,)",tanh,"{'mlpclassifier__learning_rate': 'constant', 'mlpclassifier__hidden_layer_sizes': (200,), 'mlpclassifier__activation': 'tanh'}",0.5991586538461539,0.5106928300901136,0.6242164032911062,0.5440791287565482,0.6188654535428729,0.579402493905359,0.04455261056421396,34,0.6817676930559863,0.6419993508601103,0.664025708590926,0.6933028028948205,0.712473604826546,0.6787138320456778,0.02418917317756308,31
0.4853975296020508,0.015292595562361908,0.00359954833984375,0.0004900984551336356,constant,"(50, 50)",tanh,"{'mlpclassifier__learning_rate': 'constant', 'mlpclassifier__hidden_layer_sizes': (50, 50), 'mlpclassifier__activation': 'tanh'}",0.608840811965812,0.5157862086979235,0.7294142614601019,0.5456299972429005,0.551661152467604,0.5902664863668684,0.07581188378253584,25,0.6841052096923582,0.6423628691983122,0.6615144001924909,0.6917893118785975,0.7127918339600197,0.6785127249843557,0.024406376527524563,32
0.6711977005004883,0.008931098861658375,0.0039998054504394535,8.996945507103542e-07,adaptive,"(200,)",tanh,"{'mlpclassifier__learning_rate': 'adaptive', 'mlpclassifier__hidden_layer_sizes': (200,), 'mlpclassifier__activation': 'tanh'}",0.5991586538461539,0.5106928300901136,0.6191230246832963,0.5301902398676592,0.6211055969120485,0.5760540690798542,0.04646284392132868,37,0.6817676930559863,0.6427533125177733,0.6647859647859647,0.6805600729255298,0.7225614760826029,0.6784857038735714,0.026161937232751148,33
0.3609975814819336,0.02719556830110145,0.0034004688262939454,0.0004883137893265379,adaptive,"(50,)",tanh,"{'mlpclassifier__learning_rate': 'adaptive', 'mlpclassifier__hidden_layer_sizes': (50,), 'mlpclassifier__activation': 'tanh'}",0.6105101495726496,0.501077445474729,0.749085803839624,0.5205748552522745,0.6114902122966639,0.5985476932871882,0.08780950354856891,18,0.7049901889115463,0.6303171588424458,0.6845239149036617,0.6637509647543093,0.7086894586894587,0.6784543372202843,0.028943154190737303,34
0.6671973705291748,0.013495943468695109,0.0038021087646484377,0.00039974153422892315,constant,"(50, 50, 50)",tanh,"{'mlpclassifier__learning_rate': 'constant', 'mlpclassifier__hidden_layer_sizes': (50, 50, 50), 'mlpclassifier__activation': 'tanh'}",0.5906116452991452,0.5026283139610813,0.6095076400679117,0.6385787151916184,0.6166253101736973,0.5915903249386908,0.04705504584364016,22,0.6793745346239761,0.6299457504520796,0.647633472392473,0.7326007326007326,0.701940216646099,0.678298941343072,0.036843326092932706,35
0.7149993896484375,0.024510750826075175,0.005800294876098633,0.004117421532893866,invscaling,"(200,)",tanh,"{'mlpclassifier__learning_rate': 'invscaling', 'mlpclassifier__hidden_layer_sizes': (200,), 'mlpclassifier__activation': 'tanh'}",0.5653044871794872,0.5157862086979235,0.6271875408123286,0.5440791287565482,0.6269299696719052,0.5758574670236385,0.04466085813182064,38,0.6531125346205974,0.6431490117699311,0.6767368032484311,0.6933028028948205,0.7244867846804274,0.6781575874428415,0.029088299149341735,36
0.46900115013122556,0.0035220852183176967,0.0036003589630126953,0.0004900803242305322,invscaling,"(50, 50)",tanh,"{'mlpclassifier__learning_rate': 'invscaling', 'mlpclassifier__hidden_layer_sizes': (50, 50), 'mlpclassifier__activation': 'tanh'}",0.626201923076923,0.5077216925688912,0.6140296460754865,0.5409773917838434,0.5398056244830438,0.5657472555976375,0.04612902859009505,52,0.7207324267322649,0.6313017865040093,0.6613975966917144,0.6865124035855744,0.6890511834611213,0.6777990793949368,0.029922603693541976,37
0.43400230407714846,0.011833543172525522,0.0033989429473876955,0.0004925707856735048,adaptive,"(100,)",tanh,"{'mlpclassifier__learning_rate': 'adaptive', 'mlpclassifier__hidden_layer_sizes': (100,), 'mlpclassifier__activation': 'tanh'}",0.6069711538461539,0.501077445474729,0.7396010186757216,0.5344637441411635,0.6211055969120485,0.6006437918099634,0.08253615923773895,15,0.6933078430804585,0.625869673382302,0.6643735668125913,0.679989944695827,0.7224320051320416,0.6771946066206441,0.031976555042478844,38
0.4329994678497314,0.0135782855348616,0.003400564193725586,0.0004894951867990929,invscaling,"(50, 50)",relu,"{'mlpclassifier__learning_rate': 'invscaling', 'mlpclassifier__hidden_layer_sizes': (50, 50), 'mlpclassifier__activation': 'relu'}",0.640090811965812,0.5208795873057332,0.7147054982369074,0.5483526330300523,0.5317411083540116,0.5911539277785034,0.0747798449713476,24,0.7329274851392356,0.6431115690314984,0.6435087348548887,0.6883280970237492,0.6779542920847268,0.6771660356268198,0.033247775278782324,39
1.7626037120819091,0.16311300501491552,0.005199956893920899,0.0003993371961073606,constant,"(200, 200)",tanh,"{'mlpclassifier__learning_rate': 'constant', 'mlpclassifier__hidden_layer_sizes': (200, 200), 'mlpclassifier__activation': 'tanh'}",0.6262686965811965,0.49965717643985896,0.6140296460754865,0.5536945133719328,0.5429073614557485,0.5673114787848446,0.046939595227778304,51,0.7081421938096725,0.6211481016667803,0.6601431579692449,0.704059829059829,0.690954953096733,0.676889647120452,0.03255867958576456,40
0.4501993179321289,0.018987267295040862,0.0036001682281494142,0.0004906028590878748,constant,"(50, 50)",relu,"{'mlpclassifier__learning_rate': 'constant', 'mlpclassifier__hidden_layer_sizes': (50, 50), 'mlpclassifier__activation': 'relu'}",0.6261351495726496,0.5157862086979235,0.568483087371033,0.557968017645437,0.6150744416873449,0.5766893809948777,0.04011315497725402,36,0.7277102235711875,0.6437107196600867,0.604329698079698,0.703093247541737,0.7022859482183637,0.6762259674142146,0.04533854178010987,41
0.3187999725341797,0.012465354280456626,0.003600406646728516,0.0004913974164053451,constant,"(50,)",tanh,"{'mlpclassifier__learning_rate': 'constant', 'mlpclassifier__hidden_layer_sizes': (50,), 'mlpclassifier__activation': 'tanh'}",0.5991586538461539,0.49301292934569674,0.7410212877105917,0.5205748552522745,0.6415081334436173,0.5990551719196668,0.08872514863076457,16,0.6821935615616214,0.615282119612566,0.6729501267962806,0.6637509647543093,0.7461133763992609,0.6760580298248076,0.041952903373594724,42
0.37900190353393554,0.003631355478682983,0.003401327133178711,0.0004904280812275592,constant,"(100,)",relu,"{'mlpclassifier__learning_rate': 'constant', 'mlpclassifier__hidden_layer_sizes': (100,), 'mlpclassifier__activation': 'relu'}",0.6165865384615384,0.5238507248269557,0.7066409821078752,0.5440791287565482,0.5339812517231872,0.5850277251752208,0.06900854777484974,30,0.7063307385184691,0.6546575787082116,0.6321456321456321,0.6896517804446193,0.6920257846728435,0.6749623028979551,0.027336682435469786,43
0.3204005241394043,0.014392073022111254,0.003401327133178711,0.00048811096056906763,invscaling,"(50,)",tanh,"{'mlpclassifier__learning_rate': 'invscaling', 'mlpclassifier__hidden_layer_sizes': (50,), 'mlpclassifier__activation': 'tanh'}",0.5888087606837606,0.5061708240825389,0.6240858038396239,0.5286393713813068,0.6195547284256961,0.5734518976825853,0.04787484114806487,42,0.6807587241737525,0.6279805608919532,0.6709819013616481,0.6745646166698799,0.7203672772384518,0.6749306160671371,0.029388742766019122,44
0.4195994853973389,0.004962556801883765,0.003199148178100586,0.000400400999344775,constant,"(100,)",tanh,"{'mlpclassifier__learning_rate': 'constant', 'mlpclassifier__hidden_layer_sizes': (100,), 'mlpclassifier__activation': 'tanh'}",0.6069711538461539,0.501077445474729,0.729985634060337,0.5205748552522745,0.6349944858009374,0.5987207148868864,0.08277115275805429,17,0.6929257841455717,0.626715973135027,0.6493619014166959,0.667061860829528,0.736500754147813,0.6745132547349272,0.03782635402988887,45
0.7970021724700928,0.02123158367893542,0.003800821304321289,0.000399457117503685,invscaling,"(100, 100)",tanh,"{'mlpclassifier__learning_rate': 'invscaling', 'mlpclassifier__hidden_layer_sizes': (100, 100), 'mlpclassifier__activation': 'tanh'}",0.618389423076923,0.48352814418179446,0.6140296460754865,0.5163013509787704,0.6349944858009374,0.5734486100227824,0.06132844590185188,43,0.7077580520428145,0.5984251596643153,0.6607200004460277,0.6636814000366267,0.7362531415599827,0.6733675507499534,0.04692003439185666,46
2.4204020500183105,0.7898821844694058,0.005598020553588867,0.0004893759659881355,constant,"(200, 200, 200)",tanh,"{'mlpclassifier__learning_rate': 'constant', 'mlpclassifier__hidden_layer_sizes': (200, 200, 200), 'mlpclassifier__activation': 'tanh'}",0.6236645299145299,0.48947041922423923,0.5957783727308346,0.5449407223600772,0.5355321202095396,0.5578772328878441,0.04713939832523027,56,0.727208058477447,0.6175376861586055,0.6458023641646471,0.6852991452991452,0.6886571797057731,0.6729008867611236,0.037817087116344315,47
0.3784008502960205,0.006499132942661294,0.0034009456634521485,0.0004899634083356642,adaptive,"(100,)",relu,"{'mlpclassifier__learning_rate': 'adaptive', 'mlpclassifier__hidden_layer_sizes': (100,), 'mlpclassifier__activation': 'relu'}",0.626201923076923,0.49456379783204907,0.6985764659788429,0.5425282602701957,0.5478701406120761,0.5819481175540174,0.07198864348432354,33,0.7195729608983519,0.6194816154309826,0.6214281012098727,0.6877122877122878,0.7009462759462759,0.6698282482395541,0.04156937483624421,48
0.2981994152069092,0.012398912102663353,0.003402090072631836,0.0004891247792651075,adaptive,"(50,)",relu,"{'mlpclassifier__learning_rate': 'adaptive', 'mlpclassifier__hidden_layer_sizes': (50,), 'mlpclassifier__activation': 'relu'}",0.6200587606837606,0.49456379783204907,0.5816409821078752,0.5346705266060106,0.529707747449683,0.5521283629358757,0.04383303054152219,59,0.7259941183991817,0.6194669136564783,0.6206939733255522,0.6963453213453215,0.6861910468048575,0.6697382747062782,0.04260493358732818,49
0.6145986080169678,0.01776066434528336,0.003799915313720703,0.00039958962392692293,constant,"(50, 50, 50)",relu,"{'mlpclassifier__learning_rate': 'constant', 'mlpclassifier__hidden_layer_sizes': (50, 50, 50), 'mlpclassifier__activation': 'relu'}",0.5870058760683761,0.5208795873057332,0.599892255452527,0.5660325337744693,0.5332919768403639,0.5614204458882939,0.030300949519471564,54,0.6767037569172794,0.6434431676364285,0.6345998906974517,0.7147263684647422,0.6782660710667735,0.6695478509565351,0.028534635844049187,50
0.2969996452331543,0.015901136342048042,0.004000377655029297,0.000632410238625872,constant,"(50,)",relu,"{'mlpclassifier__learning_rate': 'constant', 'mlpclassifier__hidden_layer_sizes': (50,), 'mlpclassifier__activation': 'relu'}",0.6201255341880342,0.481405903095207,0.568483087371033,0.5559346567411083,0.5355321202095396,0.5522962603209844,0.04512768736167163,58,0.717532746741057,0.6068233875828812,0.6061325092888938,0.7150105685316953,0.6932428355957767,0.6677484095480608,0.05073565832281665,51
0.6357977867126465,0.006909863528761027,0.0038010597229003905,0.00040159644435199926,invscaling,"(50, 50, 50)",tanh,"{'mlpclassifier__learning_rate': 'invscaling', 'mlpclassifier__hidden_layer_sizes': (50, 50, 50), 'mlpclassifier__activation': 'tanh'}",0.6219284188034189,0.4703702494449523,0.6256366723259763,0.5471808657292528,0.5252274607113316,0.5580687334029865,0.05921419548177452,55,0.7187932940725197,0.5878003538120673,0.6714681714681714,0.6929864253393666,0.6658777120315582,0.6673851913447366,0.04393382704428898,52
0.5998001575469971,0.017282560363559282,0.0037996768951416016,0.00039841241254835226,invscaling,"(200,)",relu,"{'mlpclassifier__learning_rate': 'invscaling', 'mlpclassifier__hidden_layer_sizes': (200,), 'mlpclassifier__activation': 'relu'}",0.618389423076923,0.49965717643985896,0.7015476035000654,0.5425282602701957,0.5339812517231872,0.5792207430020462,0.07241734223568634,35,0.7082154185766703,0.6208716259175769,0.6304714135851035,0.6877122877122878,0.6873842513594066,0.666930999430209,0.034656508796402315,53
3.4434016704559327,0.23168545166946147,0.008798599243164062,0.006109976874505635,constant,"(200, 200, 200)",logistic,"{'mlpclassifier__learning_rate': 'constant', 'mlpclassifier__hidden_layer_sizes': (200, 200, 200), 'mlpclassifier__activation': 'logistic'}",0.5332532051282051,0.5077216925688912,0.5041791824474338,0.5351530190239867,0.5243658671078026,0.5209345932552638,0.012814132869258558,61,0.6873034410035901,0.6336019889179572,0.6485470085470086,0.6854250977461546,0.6761396011396013,0.6662034274708624,0.02139165094779811,54
2.968802642822266,0.43860005880696856,0.004996109008789063,7.892195173139028e-06,invscaling,"(200, 200, 200)",relu,"{'mlpclassifier__learning_rate': 'invscaling', 'mlpclassifier__hidden_layer_sizes': (200, 200, 200), 'mlpclassifier__activation': 'relu'}",0.585403311965812,0.5108234295415959,0.6271875408123286,0.5288116901020127,0.6108009374138406,0.572605381967118,0.045468223244424684,46,0.6441162151437652,0.6414870988985989,0.6767368032484311,0.6559107559107559,0.7014016456180635,0.6639305037639229,0.02248873757879789,55
0.46700191497802734,0.01167866415333079,0.003799295425415039,0.00039951808058347774,adaptive,"(50, 50)",relu,"{'mlpclassifier__learning_rate': 'adaptive', 'mlpclassifier__hidden_layer_sizes': (50, 50), 'mlpclassifier__activation': 'relu'}",0.624465811965812,0.5077216925688912,0.5735764659788428,0.5344637441411635,0.5398056244830438,0.5560066678275507,0.04013318433754748,57,0.7129183969580227,0.6314138592619606,0.607157548334019,0.6755852842809364,0.6894741731698253,0.6633098524009529,0.03864376077080332,56
3.399000310897827,0.20614127185970266,0.006797361373901367,0.001937038722968579,invscaling,"(200, 200, 200)",logistic,"{'mlpclassifier__learning_rate': 'invscaling', 'mlpclassifier__hidden_layer_sizes': (200, 200, 200), 'mlpclassifier__activation': 'logistic'}",0.547142094017094,0.513663967611336,0.4682480083583649,0.5351530190239867,0.5236765922249793,0.5175767362471522,0.02708829080170837,62,0.6994669597796924,0.6537298404310758,0.6091133338096901,0.6854250977461546,0.6686405792788771,0.663275162209098,0.031157247565958748,57
0.39200148582458494,0.007292114743615233,0.0034004688262939454,0.00048772671902096767,invscaling,"(100,)",relu,"{'mlpclassifier__learning_rate': 'invscaling', 'mlpclassifier__hidden_layer_sizes': (100,), 'mlpclassifier__activation': 'relu'}",0.610576923076923,0.5026283139610813,0.6773540551129686,0.554383788254756,0.5216432313206507,0.5733172623452759,0.06362003758936163,45,0.6968310170841815,0.6309876634050762,0.5950057876460065,0.7102825113694679,0.675098235098235,0.6616410429205934,0.04281427256659749,58
0.30679974555969236,0.013963787459182845,0.003799247741699219,0.0004005705846789106,invscaling,"(50,)",relu,"{'mlpclassifier__learning_rate': 'invscaling', 'mlpclassifier__hidden_layer_sizes': (50,), 'mlpclassifier__activation': 'relu'}",0.6001602564102564,0.481405903095207,0.5765476035000653,0.5463192721257237,0.5301902398676592,0.5469246549997824,0.040705435324430606,60,0.7020232892858281,0.6077949819845466,0.6167481449976047,0.7012292012292013,0.6762719250582601,0.6608135085110882,0.040800385557379186,59
0.5961997985839844,0.014719152203788177,0.003997230529785156,0.0006346753017761036,constant,"(200,)",relu,"{'mlpclassifier__learning_rate': 'constant', 'mlpclassifier__hidden_layer_sizes': (200,), 'mlpclassifier__activation': 'relu'}",0.602764423076923,0.49456379783204907,0.6985764659788429,0.561759029500965,0.5120278467052661,0.5739383126188092,0.07300297013364984,41,0.6838622498658664,0.6190802013586824,0.6202686202686202,0.7158338251688635,0.6621530357263457,0.6602395864776757,0.03726710080564582,60
2.9413936614990233,0.30962872527544694,0.004400396347045898,0.0008000614585760175,adaptive,"(200, 200, 200)",logistic,"{'mlpclassifier__learning_rate': 'adaptive', 'mlpclassifier__hidden_layer_sizes': (200, 200, 200), 'mlpclassifier__activation': 'logistic'}",0.4957932692307692,0.513663967611336,0.4682480083583649,0.5463192721257237,0.5317411083540116,0.511153125136041,0.027362753867825114,64,0.6534613066258637,0.6537298404310758,0.6080192618654158,0.702384794692487,0.6825456678397855,0.6600281742909255,0.031902478084280025,61
0.43379988670349123,0.010341767936436614,0.004200077056884766,0.0007462001911781618,invscaling,"(100,)",tanh,"{'mlpclassifier__learning_rate': 'invscaling', 'mlpclassifier__hidden_layer_sizes': (100,), 'mlpclassifier__activation': 'tanh'}",0.5835336538461539,0.5112642026903487,0.5897054982369074,0.5248483595257789,0.6114902122966639,0.5641683853191705,0.03901648379287901,53,0.658293138767149,0.6282261773106637,0.6327287888263498,0.6654842741799265,0.7095826943303543,0.6588630146828887,0.029114481979663452,62
1.8014068603515625,0.023094663386069043,0.0053920745849609375,0.0004910700707927069,constant,"(200, 200)",logistic,"{'mlpclassifier__learning_rate': 'constant', 'mlpclassifier__hidden_layer_sizes': (200, 200), 'mlpclassifier__activation': 'logistic'}",0.5332532051282051,0.49810630795350663,0.4961146663184015,0.5190239867659222,0.5266060104769783,0.5146208353286028,0.01500270159753417,63,0.6835617182810942,0.6167654464123484,0.637948717948718,0.6613412874845512,0.6896746602628956,0.6578583660779216,0.02745939462894206,63
0.5845994472503662,0.005238403371313896,0.0035994529724121095,0.000489629582583002,adaptive,"(200,)",relu,"{'mlpclassifier__learning_rate': 'adaptive', 'mlpclassifier__hidden_layer_sizes': (200,), 'mlpclassifier__activation': 'relu'}",0.616653311965812,0.4864992817030168,0.6934830873710331,0.5425282602701957,0.5178522194651227,0.5714032321550361,0.07464746015272712,49,0.6984263494875518,0.6082435367072093,0.6171050364364319,0.6886794829801709,0.6638639382274151,0.6552636687677558,0.036662166661464046,64
0.7676012516021729,0.01294074065833206,0.003800058364868164,0.00040025898521916885,constant,"(100, 100)",logistic,"{'mlpclassifier__learning_rate': 'constant', 'mlpclassifier__hidden_layer_sizes': (100, 100), 'mlpclassifier__activation': 'logistic'}",0.48544337606837606,0.49598406686691915,0.46258325715032,0.5308795147504825,0.5324303832368349,0.5014641196145865,0.026916878056637037,67,0.6460521919893093,0.6252621365082977,0.6147347276379537,0.6849635119402561,0.6898499572918178,0.6521725050735269,0.030522299667214817,65
1.7237995147705079,0.08201046814084144,0.004197025299072265,0.00040155446597886784,adaptive,"(200, 200)",logistic,"{'mlpclassifier__learning_rate': 'adaptive', 'mlpclassifier__hidden_layer_sizes': (200, 200), 'mlpclassifier__activation': 'logistic'}",0.5271768162393162,0.4849484132166645,0.4778633929737495,0.5174731182795699,0.5324303832368349,0.507978424789227,0.022333482867432683,65,0.6843733807091569,0.603708638685321,0.6244038879474653,0.6582762804202574,0.688332215729476,0.6518188806983354,0.033168944304275506,66
1.835205602645874,0.021208149288699994,0.004398441314697266,0.0004854713883259953,invscaling,"(200, 200)",logistic,"{'mlpclassifier__learning_rate': 'invscaling', 'mlpclassifier__hidden_layer_sizes': (200, 200), 'mlpclassifier__activation': 'logistic'}",0.4940571581196581,0.49301292934569674,0.5041791824474338,0.5270885028949545,0.518541494347946,0.5073758534311378,0.013469669813537696,66,0.6444210710563375,0.6152881216172355,0.649055330634278,0.673350865658558,0.6750546750546751,0.6514340128042168,0.02190730040290175,67
0.6282012462615967,0.013526544809378241,0.0037990570068359374,0.0003992818544585465,constant,"(200,)",logistic,"{'mlpclassifier__learning_rate': 'constant', 'mlpclassifier__hidden_layer_sizes': (200,), 'mlpclassifier__activation': 'logistic'}",0.49158653846153844,0.48282617213007706,0.48083453049497193,0.5286393713813068,0.4907637165701682,0.4949300658076125,0.017378396250805044,68,0.6478071469183778,0.6115237697425374,0.6338715485056949,0.6741855615095051,0.642809191113927,0.6420394435580085,0.020323152662431235,68
0.7692030906677246,0.021421243150740548,0.0039974689483642575,0.0010964113967506588,invscaling,"(100, 100)",logistic,"{'mlpclassifier__learning_rate': 'invscaling', 'mlpclassifier__hidden_layer_sizes': (100, 100), 'mlpclassifier__activation': 'logistic'}",0.47162126068376065,0.47985503460885465,0.49908580383962386,0.5169906258615935,0.4768748276812793,0.4888855105350224,0.01683926252549585,69,0.6263908136033102,0.6037974683544304,0.6484709561632638,0.6716110886497523,0.631843262223009,0.6364227177987531,0.02266891663620719,69
0.619599437713623,0.006119502471954726,0.003800201416015625,0.0004010447246204283,invscaling,"(200,)",logistic,"{'mlpclassifier__learning_rate': 'invscaling', 'mlpclassifier__hidden_layer_sizes': (200,), 'mlpclassifier__activation': 'logistic'}",0.47335737179487175,0.48282617213007706,0.46612576727177746,0.5286393713813068,0.4907637165701682,0.4883424798296403,0.02180948090353871,70,0.6335652948764384,0.6115237697425374,0.6164171609704046,0.6741452991452991,0.6438382610966946,0.6358979571662748,0.022382811893588386,70
0.6309998989105224,0.015164651717819166,0.0037994861602783205,0.000748405047856542,adaptive,"(200,)",logistic,"{'mlpclassifier__learning_rate': 'adaptive', 'mlpclassifier__hidden_layer_sizes': (200,), 'mlpclassifier__activation': 'logistic'}",0.47335737179487175,0.4879195507378869,0.46612576727177746,0.5286393713813068,0.48269920044113596,0.4877482523253957,0.02178180519634918,71,0.6297526251448454,0.6136075949367088,0.6164171609704046,0.6741855615095051,0.6313497119948733,0.6330625309112675,0.021728118853913257,71
0.8036042213439941,0.01847498871179111,0.005999326705932617,0.0020967051519289724,adaptive,"(100, 100)",logistic,"{'mlpclassifier__learning_rate': 'adaptive', 'mlpclassifier__hidden_layer_sizes': (100, 100), 'mlpclassifier__activation': 'logistic'}",0.5012019230769231,0.4352879717905185,0.4362674676766358,0.5250551419906259,0.5046526054590571,0.4804930219987521,0.0374104873382811,72,0.6542535630761486,0.5597597730046017,0.5832048197725823,0.6841760560114991,0.666783644751821,0.6296355713233306,0.04898802144944754,72
1.262801504135132,0.07747750517364864,0.005402755737304687,0.0018544540723332277,adaptive,"(100, 100, 100)",logistic,"{'mlpclassifier__learning_rate': 'adaptive', 'mlpclassifier__hidden_layer_sizes': (100, 100, 100), 'mlpclassifier__activation': 'logistic'}",0.5253739316239316,0.451417004048583,0.45806125114274515,0.4934863523573201,0.46229666390956714,0.4781270406164294,0.02769418695093877,73,0.6833684311024998,0.5844719417184215,0.6035758787819663,0.6453434791918403,0.6136158041353712,0.6260751069860199,0.03477374875782999,73
0.390398645401001,0.003877776942615652,0.003200197219848633,0.00040059102431546034,constant,"(100,)",logistic,"{'mlpclassifier__learning_rate': 'constant', 'mlpclassifier__hidden_layer_sizes': (100,), 'mlpclassifier__activation': 'logistic'}",0.4751602564102564,0.4565103826563928,0.4362674676766358,0.5228149986214502,0.45492142266335817,0.4691349056056187,0.029528045622994673,74,0.6302618418350787,0.5844951292072567,0.5836175318933939,0.6730899730899731,0.6025227031454687,0.6147974358342342,0.03369941546058835,74
0.3940000534057617,0.0036329704529555903,0.0036000728607177733,0.0004893607262273013,adaptive,"(100,)",logistic,"{'mlpclassifier__learning_rate': 'adaptive', 'mlpclassifier__hidden_layer_sizes': (100,), 'mlpclassifier__activation': 'logistic'}",0.47335737179487175,0.4696682773932349,0.4362674676766358,0.4789081885856079,0.46881031155224706,0.46540232340051946,0.014995624389241463,75,0.6297526251448454,0.598204093705085,0.5843693343693344,0.6223165502232078,0.6220111722360598,0.6113307551357064,0.01716596485975215,75
0.3935996055603027,0.01062926524908107,0.0033998489379882812,0.0004887176822615703,invscaling,"(100,)",logistic,"{'mlpclassifier__learning_rate': 'invscaling', 'mlpclassifier__hidden_layer_sizes': (100,), 'mlpclassifier__activation': 'logistic'}",0.4751602564102564,0.43019459318270864,0.42665208306125113,0.48473256134546455,0.4468569065343259,0.4527192801068013,0.023450694232202036,76,0.6302618418350787,0.556578442654392,0.5665235147993769,0.6248424654137273,0.594370895351704,0.5945154320108558,0.029733207871982994,76
1.1382004737854003,0.07091123118329411,0.003996706008911133,4.454281863463114e-06,constant,"(100, 100, 100)",logistic,"{'mlpclassifier__learning_rate': 'constant', 'mlpclassifier__hidden_layer_sizes': (100, 100, 100), 'mlpclassifier__activation': 'logistic'}",0.48197115384615385,0.4221300770536764,0.45806125114274515,0.3904397573752412,0.4943479459608492,0.44939003707573316,0.03840878439080439,77,0.637489107408386,0.5487663152220115,0.6035758787819663,0.5135785623590501,0.6431615181615182,0.5893142763865864,0.050603890418613975,77
1.1409972667694093,0.05238170794911695,0.004401683807373047,0.0004893010310448399,invscaling,"(100, 100, 100)",logistic,"{'mlpclassifier__learning_rate': 'invscaling', 'mlpclassifier__hidden_layer_sizes': (100, 100, 100), 'mlpclassifier__activation': 'logistic'}",0.4003071581196581,0.4382591093117409,0.43174546166906097,0.48542183622828783,0.4468569065343259,0.44051809437261474,0.02740623310365158,78,0.5339378532554098,0.5692710606721957,0.5741822809834395,0.6352431144033489,0.5973609723609724,0.5819990563350733,0.03347805632207904,78
0.2836015701293945,0.0024151253548105123,0.0031995296478271483,0.00039901813175128963,invscaling,"(50,)",logistic,"{'mlpclassifier__learning_rate': 'invscaling', 'mlpclassifier__hidden_layer_sizes': (50,), 'mlpclassifier__activation': 'logistic'}",0.4316907051282051,0.41406556092464414,0.42820295154760346,0.45919492693686237,0.432968017645437,0.43322443243655046,0.014623011184567922,79,0.571834970480937,0.5389762604952478,0.5732193732193732,0.6032985018255069,0.5743252019847764,0.5723308616011683,0.020379091787730123,79
0.2868001937866211,0.00386870703681545,0.0035996437072753906,0.0004913464371848043,constant,"(50,)",logistic,"{'mlpclassifier__learning_rate': 'constant', 'mlpclassifier__hidden_layer_sizes': (50,), 'mlpclassifier__activation': 'logistic'}",0.4316907051282051,0.3877497714509599,0.42820295154760346,0.45919492693686237,0.4190791287565482,0.4251834967640358,0.023007761081302282,80,0.571834970480937,0.5049226441631506,0.5732193732193732,0.604440963549384,0.5580340080525885,0.5624903918930867,0.03254592935285724,80
0.28840179443359376,0.002871222488426463,0.0031991004943847656,0.00039935127656848176,adaptive,"(50,)",logistic,"{'mlpclassifier__learning_rate': 'adaptive', 'mlpclassifier__hidden_layer_sizes': (50,), 'mlpclassifier__activation': 'logistic'}",0.4316907051282051,0.4221300770536764,0.3659559879848504,0.4314171491590846,0.397125723738627,0.40966392861288875,0.025224499995631103,81,0.5708596744756479,0.54920800476198,0.4809550353028614,0.5711059657547951,0.5260042735042736,0.5396265907599116,0.03372292694860484,81
0.4485985279083252,0.00789066472078478,0.0033991336822509766,0.0004900772853364614,constant,"(50, 50)",logistic,"{'mlpclassifier__learning_rate': 'constant', 'mlpclassifier__hidden_layer_sizes': (50, 50), 'mlpclassifier__activation': 'logistic'}",0.40818643162393164,0.33002481389578164,0.38363588872926735,0.461435070306038,0.42714364488558043,0.40208516988811976,0.04409225357045144,82,0.5404179383265788,0.4034103266779764,0.5058275058275059,0.610950025584172,0.569455943431847,0.526012347969616,0.07035333620500225,82
0.45060172080993655,0.006086935793560551,0.004198408126831055,0.0009789193665659098,adaptive,"(50, 50)",logistic,"{'mlpclassifier__learning_rate': 'adaptive', 'mlpclassifier__hidden_layer_sizes': (50, 50), 'mlpclassifier__activation': 'logistic'}",0.4473824786324786,0.3775630142353402,0.36241347786339295,0.3839261097325613,0.4110146126275158,0.3964599386182578,0.029927564968162262,83,0.5934177215189873,0.4865089940039974,0.47106227106227105,0.4982128982128982,0.5482207760171343,0.5194845321630577,0.045114237435830984,83
0.44620065689086913,0.0038696884898705656,0.003598785400390625,0.000798929831119254,invscaling,"(50, 50)",logistic,"{'mlpclassifier__learning_rate': 'invscaling', 'mlpclassifier__hidden_layer_sizes': (50, 50), 'mlpclassifier__activation': 'logistic'}",0.40818643162393164,0.3644051194984981,0.38363588872926735,0.3978149986214502,0.4190791287565482,0.3946243134459391,0.019110702100268745,84,0.5404179383265788,0.4655163594298219,0.5058275058275059,0.5219990737232117,0.5600754745220037,0.5187672703658245,0.032213850215450625,84
0.6399984359741211,0.04173665568508385,0.004000139236450195,0.0006327118166639739,invscaling,"(50, 50, 50)",logistic,"{'mlpclassifier__learning_rate': 'invscaling', 'mlpclassifier__hidden_layer_sizes': (50, 50, 50), 'mlpclassifier__activation': 'logistic'}",0.38822115384615385,0.33002481389578164,0.35732009925558317,0.38616625310173697,0.440343258891646,0.3804151157981803,0.03676398906495156,85,0.49820827982633153,0.4034103266779764,0.453525641025641,0.4917554639495994,0.5880891533065447,0.48699777295721863,0.06078654959825184,85
0.6317968845367432,0.012612069561815558,0.0037992000579833984,0.00040092572045123854,constant,"(50, 50, 50)",logistic,"{'mlpclassifier__learning_rate': 'constant', 'mlpclassifier__hidden_layer_sizes': (50, 50, 50), 'mlpclassifier__activation': 'logistic'}",0.3846153846153846,0.33002481389578164,0.34925558312655086,0.3957816377171216,0.41325475599669154,0.374586435070306,0.030569414876250145,86,0.4948029227127714,0.4034103266779764,0.4426450742240216,0.5072593399185917,0.5542514328427212,0.4804738192752164,0.05241320335299124,86
0.8643990516662597,0.05070563766603485,0.003200721740722656,0.00039961450061808373,constant,"(50, 50, 50, 50)",logistic,"{'mlpclassifier__learning_rate': 'constant', 'mlpclassifier__hidden_layer_sizes': (50, 50, 50, 50), 'mlpclassifier__activation': 'logistic'}",0.3846153846153846,0.3380893300248139,0.35732009925558317,0.38616625310173697,0.3957816377171216,0.372394540942928,0.02140117594759064,87,0.4948029227127714,0.4134658526968416,0.453525641025641,0.4945054945054946,0.5072593399185917,0.47271185017186806,0.034741060160454654,87
0.8159992218017578,0.030997041064837014,0.004400396347045898,0.000490349310011856,invscaling,"(50, 50, 50, 50)",logistic,"{'mlpclassifier__learning_rate': 'invscaling', 'mlpclassifier__hidden_layer_sizes': (50, 50, 50, 50), 'mlpclassifier__activation': 'logistic'}",0.3846153846153846,0.33002481389578164,0.35732009925558317,0.3942307692307692,0.3957816377171216,0.372394540942928,0.02528065957868062,87,0.4948029227127714,0.40011699517394905,0.453525641025641,0.5060410096735992,0.5072593399185917,0.4723491817009105,0.04106054884769999,88
0.6426018714904785,0.044115172758569916,0.003598594665527344,0.0004918564215355014,adaptive,"(50, 50, 50)",logistic,"{'mlpclassifier__learning_rate': 'adaptive', 'mlpclassifier__hidden_layer_sizes': (50, 50, 50), 'mlpclassifier__activation': 'logistic'}",0.38822115384615385,0.33002481389578164,0.35732009925558317,0.38616625310173697,0.38547697821891375,0.36944185966363385,0.022760196947316243,89,0.49820827982633153,0.4034103266779764,0.453525641025641,0.4945054945054946,0.5075688308246448,0.47144371457201767,0.0387370904926346,89
0.6579990863800049,0.2790567583974941,0.0038005352020263673,0.0003991844655079332,adaptive,"(50, 50, 50, 50)",logistic,"{'mlpclassifier__learning_rate': 'adaptive', 'mlpclassifier__hidden_layer_sizes': (50, 50, 50, 50), 'mlpclassifier__activation': 'logistic'}",0.3846153846153846,0.33002481389578164,0.35732009925558317,0.25,0.3957816377171216,0.3435483870967742,0.052035869497640136,90,0.4948029227127714,0.4034103266779764,0.453525641025641,0.2260644554222536,0.5072593399185917,0.41701253715144676,0.10215206928478975,90
