mean_fit_time,std_fit_time,mean_score_time,std_score_time,param_logisticregression__C,params,split0_test_balanced_accuracy,split1_test_balanced_accuracy,split2_test_balanced_accuracy,split3_test_balanced_accuracy,split4_test_balanced_accuracy,mean_test_balanced_accuracy,std_test_balanced_accuracy,rank_test_balanced_accuracy,split0_test_f1_weighted,split1_test_f1_weighted,split2_test_f1_weighted,split3_test_f1_weighted,split4_test_f1_weighted,mean_test_f1_weighted,std_test_f1_weighted,rank_test_f1_weighted
0.04520010948181152,0.002637371997901256,0.0031999588012695313,0.0004003535287033622,302.34514136199306,{'logisticregression__C': 302.34514136199306},0.5852697649572649,0.5222998563406034,0.5882852292020373,0.6423697270471463,0.709091535704439,0.6094632226502982,0.06267363404448616,2,0.6741423756353098,0.6475520384784127,0.6235042735042736,0.739777869189634,0.7420683949268713,0.6854089903469003,0.04808022981053832,1
0.04439992904663086,0.002153945286785405,0.0034000396728515623,0.0004902129362053816,229.13121388330973,{'logisticregression__C': 229.13121388330973},0.5930822649572649,0.5222998563406034,0.5700339558573854,0.6497449682933554,0.7149159084642956,0.6100153907825809,0.06657599989547548,1,0.6860883593943907,0.6483183463733015,0.6065746811884963,0.7413159167876149,0.742844491231588,0.6850283589950783,0.05294284181634803,2
0.04760003089904785,0.003929579644031794,0.0031996250152587892,0.00039968499133819787,125.76202741082203,{'logisticregression__C': 125.76202741082203},0.5852697649572649,0.5091419616037612,0.5831918505942275,0.6497449682933554,0.7149159084642956,0.6084528907825809,0.06939401692918992,3,0.674407798260056,0.6355188347193678,0.6215124626889333,0.7413159167876149,0.7439894544372158,0.6833488933786376,0.05143705921241489,3
0.033399438858032225,0.002417389125038578,0.0021995067596435546,0.00040085393343104785,104.65074136573224,{'logisticregression__C': 104.65074136573224},0.5852697649572649,0.5091419616037612,0.5700339558573854,0.65936035290874,0.7149159084642956,0.6077443887582894,0.07183253649511574,4,0.6745101492841095,0.6355188347193678,0.6084100053059971,0.7540950852426261,0.7434220815022224,0.6831912312108647,0.05761139151569531,4
0.046800756454467775,0.0024809557570214945,0.0033996105194091797,0.0004893960975422001,27.868399582322166,{'logisticregression__C': 27.868399582322166},0.5852697649572649,0.5222998563406034,0.5700339558573854,0.6262406947890818,0.7229804245933279,0.6053649393075327,0.06755901416978141,5,0.674407798260056,0.647542331086635,0.6084100053059971,0.7156288156288155,0.7563832209226217,0.680474434240825,0.05159958107244485,5
0.043799734115600585,0.0007483541000581763,0.003000164031982422,5.761645304486548e-07,24.221528752331896,{'logisticregression__C': 24.221528752331896},0.5791933760683761,0.5091419616037612,0.5780984719864177,0.6262406947890818,0.7214295561069755,0.6028208121109225,0.07008809017871633,12,0.672269252925566,0.6360924417423336,0.620051928747581,0.7156288156288155,0.7566760037348272,0.6801436885558247,0.05045776092775886,6
0.0467991828918457,0.0027113613292895165,0.003799247741699219,0.000979044305957467,19.944516649904912,{'logisticregression__C': 19.944516649904912},0.5930822649572649,0.5091419616037612,0.5700339558573854,0.6262406947890818,0.7171560518334712,0.6031309858081929,0.06865289678441286,8,0.6860883593943907,0.6353180042590355,0.6084100053059971,0.7152930402930403,0.7543892888720475,0.6798997396249022,0.05279771005469691,7
0.04520020484924316,0.0017202130082859075,0.0038012027740478515,0.0007484822452847407,9.041473358639108,{'logisticregression__C': 9.041473358639108},0.5791933760683761,0.5222998563406034,0.5619694397283531,0.6343052109181141,0.7171560518334712,0.6029847869777836,0.06748984316106804,9,0.6695525761212576,0.6488103229010135,0.5977179862048283,0.7280935771744595,0.7543892888720475,0.6797127502547212,0.05603324070527029,8
0.04360008239746094,0.0018539777198604873,0.0035999774932861327,0.0004893788744983149,4.44794862206177,{'logisticregression__C': 4.44794862206177},0.5731169871794872,0.5222998563406034,0.5780984719864177,0.5509718775847807,0.6418872346291702,0.5732748855440919,0.03956469166153676,42,0.663690372459245,0.6505746252581694,0.6207977207977208,0.7085509576318401,0.7498619165976249,0.6786951185489201,0.0454402849602458,9
0.04819955825805664,0.004020408576574294,0.0033994674682617187,0.0004907775330091907,37.75868729126436,{'logisticregression__C': 37.75868729126436},0.5930822649572649,0.5091419616037612,0.5751273344651953,0.6358560794044665,0.705300523848911,0.6037016328559197,0.0651567893841532,7,0.6860883593943907,0.6353180042590355,0.6109262196218719,0.7280070034787015,0.7321153134693645,0.6784909800446728,0.04860869999109834,10
0.045400238037109374,0.001743581216246498,0.0037996768951416016,0.0016001463886665362,33.019094705700596,{'logisticregression__C': 33.019094705700596},0.5930822649572649,0.5091419616037612,0.5751273344651953,0.6358560794044665,0.7010270195754067,0.6028469320012189,0.06383303172432177,11,0.6860883593943907,0.6354114581962683,0.6109262196218719,0.7280070034787015,0.7293093144369502,0.6779484710256366,0.04798214320683705,11
0.043801736831665036,0.0024818824016254347,0.002998542785644531,0.0006325623216613718,94.95015587564623,{'logisticregression__C': 94.95015587564623},0.5930822649572649,0.5091419616037612,0.5619694397283531,0.6416804521643231,0.7149159084642956,0.6041580053835995,0.07015104101986774,6,0.6860883593943907,0.6355188347193678,0.595407721189949,0.7286706210203479,0.7434220815022224,0.6778215235652556,0.055747568186985126,12
0.0441993236541748,0.0007476658631095667,0.003400373458862305,0.0004898438930083482,80.03233597846814,{'logisticregression__C': 80.03233597846814},0.5713808760683761,0.5222998563406034,0.5751273344651953,0.6358560794044665,0.709091535704439,0.602751136396616,0.06422428497906246,14,0.6610210067916694,0.6483183463733015,0.6096512183468705,0.7280070034787015,0.7420683949268713,0.6778131939834828,0.049892139398579366,13
0.046800088882446286,0.0071099238183140465,0.0030001163482666015,9.956652172956992e-07,127.36052220779301,{'logisticregression__C': 127.36052220779301},0.5852697649572649,0.5091419616037612,0.5831918505942275,0.6358560794044665,0.7010270195754067,0.6028973352270255,0.06356857904583615,10,0.6744238362778944,0.6361901108736552,0.6210042667668006,0.7280070034787015,0.7293093144369502,0.6777869063668005,0.045038846528171035,14
0.04600024223327637,0.0014143135284841429,0.0033997058868408202,0.0004897067841422694,23.161602770992264,{'logisticregression__C': 23.161602770992264},0.5930822649572649,0.5222998563406034,0.5619694397283531,0.6358560794044665,0.6994761510890544,0.6025367583039485,0.061123609595108576,16,0.6860883593943907,0.647542331086635,0.5957868035960738,0.7280070034787015,0.7302134646962233,0.6775275924504048,0.0509468964006986,15
0.04680256843566895,0.004399466029227839,0.0035999298095703127,0.0008003359128625506,668.9071236457701,{'logisticregression__C': 668.9071236457701},0.5774572649572649,0.501077445474729,0.5619694397283531,0.6578094844223876,0.7149159084642956,0.6026459086094061,0.07517016503520203,15,0.6625513106898067,0.6255406068417549,0.596163204858857,0.7538868538868538,0.7439894544372158,0.6764262861428977,0.06291097008337022,16
0.04460086822509766,0.0017431726059680063,0.003799629211425781,0.0004005213686118163,1.5046275610329227,{'logisticregression__C': 1.5046275610329227},0.5531517094017094,0.5222998563406034,0.599320882852292,0.5301902398676592,0.6499517507582024,0.5709828878440933,0.04773081160209881,47,0.6446138386199027,0.6505746252581694,0.648121920273819,0.676620911091631,0.7620085759030992,0.6763879742293243,0.04428506785725663,17
0.043599414825439456,0.0004902140725786146,0.0030022621154785155,3.4536970066512718e-06,6.819856711517047,{'logisticregression__C': 6.819856711517047},0.5731169871794872,0.5222998563406034,0.5831918505942275,0.5413564929693961,0.6418872346291702,0.5723704843425768,0.041034554350825335,43,0.6644245989940409,0.6488103229010135,0.6234011845853952,0.6954080707926861,0.7498619165976249,0.6763812187741521,0.04352340319601665,18
0.04560098648071289,0.0024973982674040686,0.0037994861602783205,0.0007483415182829847,4.7375000508561245,{'logisticregression__C': 4.7375000508561245},0.5827323717948718,0.5222998563406034,0.5780984719864177,0.5413564929693961,0.6338227185001379,0.5716619823182854,0.038426504422841665,44,0.6766574984424149,0.6495264418315717,0.6207977207977208,0.6954080707926861,0.7378620430802593,0.6760503549889305,0.039880185865310454,19
0.0467989444732666,0.001937943067725536,0.0035999298095703127,0.0004889491661402409,35.16223351975738,{'logisticregression__C': 35.16223351975738},0.5930822649572649,0.5091419616037612,0.5751273344651953,0.6262406947890818,0.705300523848911,0.6017785559328429,0.06431585460829656,17,0.6860883593943907,0.6353180042590355,0.6116757316757317,0.7152930402930403,0.7314941857636355,0.6759738642771668,0.04586492237396687,20
0.04379944801330567,0.002856314266835733,0.0036003589630126953,0.000489590099492047,6.169166083486794,{'logisticregression__C': 6.169166083486794},0.5731169871794872,0.5222998563406034,0.5700339558573854,0.5509718775847807,0.6418872346291702,0.5716619823182854,0.039499502493957776,44,0.6633009274310545,0.6488103229010135,0.6092010737172028,0.7085509576318401,0.7498619165976249,0.6759450396557471,0.04873966352042291,21
0.042801427841186526,0.0011645138716290461,0.0033998012542724608,0.0004902133768402132,108.34780181186812,{'logisticregression__C': 108.34780181186812},0.5930822649572649,0.501077445474729,0.5786698445866527,0.6262406947890818,0.7149159084642956,0.6027972316544049,0.06948902062690242,13,0.6860883593943907,0.6255406068417549,0.6087066087066086,0.7156288156288155,0.7435897435897436,0.6759108268322627,0.05160446215655181,22
0.04399971961975098,0.002001190236675525,0.0038001537322998047,0.0007484559132013803,5.958561016673374,{'logisticregression__C': 5.958561016673374},0.5731169871794872,0.5222998563406034,0.5780984719864177,0.5413564929693961,0.6418872346291702,0.5713518086210149,0.040815910200855066,46,0.6633009274310545,0.6484118003105345,0.6207977207977208,0.6954080707926861,0.7498619165976249,0.6755560871859242,0.04427400473817445,23
0.04340066909790039,0.00101973012188316,0.003200244903564453,0.0003993773921466526,299.240348840311,{'logisticregression__C': 299.240348840311},0.5930822649572649,0.501077445474729,0.5700339558573854,0.6166253101736973,0.7229804245933279,0.6007598802112809,0.07228995688936769,19,0.6862338171618544,0.6255406068417549,0.6074763099219621,0.7026018099547512,0.7558532125696306,0.6755411512899906,0.05372060426573312,24
0.04759979248046875,0.010209139592579516,0.0035997867584228516,0.0004899987918285166,68.26923124859454,{'logisticregression__C': 68.26923124859454},0.5930822649572649,0.5091419616037612,0.5619694397283531,0.6358560794044665,0.7010270195754067,0.6002153530538505,0.06517859609376264,21,0.6860883593943907,0.6355188347193678,0.5956860264642253,0.7280070034787015,0.7293093144369502,0.6749219076987272,0.052405408278868235,25
0.045600080490112306,0.0021538302069076766,0.0035999298095703127,0.0004895329590069017,78.92169302730673,{'logisticregression__C': 78.92169302730673},0.5635683760683761,0.5091419616037612,0.5700339558573854,0.6535359801488834,0.7010270195754067,0.5994614586507625,0.06863165433811405,23,0.6492387359475967,0.6355188347193678,0.6069047156003677,0.7532026324479154,0.7293093144369502,0.6748348466304396,0.056434723128901666,26
0.04380016326904297,0.0015988112020386596,0.0034000396728515623,0.0004905051524740899,1.1623465856792417,{'logisticregression__C': 1.1623465856792417},0.5435363247863247,0.5222998563406034,0.599320882852292,0.5301902398676592,0.6499517507582024,0.5690598109210163,0.04859634483323788,49,0.631196219817924,0.6505746252581694,0.648121920273819,0.676620911091631,0.7620085759030992,0.6737044504689285,0.046481240624149635,27
0.04579648971557617,0.0033709967288969678,0.004000091552734375,0.0006330130031823578,1.3781068286928708,{'logisticregression__C': 1.3781068286928708},0.5435363247863247,0.5222998563406034,0.599320882852292,0.5301902398676592,0.6499517507582024,0.5690598109210163,0.04859634483323788,49,0.631196219817924,0.6505746252581694,0.648121920273819,0.676620911091631,0.7620085759030992,0.6737044504689285,0.046481240624149635,27
0.045400047302246095,0.0023325388664995686,0.0032001495361328124,0.00039989957867441947,253.1833625307774,{'logisticregression__C': 253.1833625307774},0.5635683760683761,0.501077445474729,0.5928072352096121,0.6262406947890818,0.709091535704439,0.5985570574492476,0.06891124391675585,27,0.6494491584365002,0.6255406068417549,0.6361604839865709,0.7152930402930403,0.7420683949268713,0.6737023368969475,0.046305213803243726,29
0.04720015525817871,0.002315473317407671,0.003200054168701172,0.00039970892918415093,9.872336908334013,{'logisticregression__C': 9.872336908334013},0.5791933760683761,0.5222998563406034,0.5700339558573854,0.6262406947890818,0.6257582023711056,0.5847052170853104,0.03886025953605355,41,0.6695525761212576,0.6484118003105345,0.6092010737172028,0.7156288156288155,0.7253419402788267,0.6736272412113274,0.04299231272352866,30
0.042999792098999026,0.0008935117175842522,0.0034006595611572265,0.0004905836530246156,5.413312790676953,{'logisticregression__C': 5.413312790676953},0.5731169871794872,0.5222998563406034,0.5780984719864177,0.5413564929693961,0.6338227185001379,0.5697389053952084,0.03806324632113189,48,0.6633009274310545,0.6505746252581694,0.6207977207977208,0.6954080707926861,0.7375457875457875,0.6735254263650836,0.03997235884246076,31
0.04639945030212402,0.0013565575972960772,0.003599882125854492,0.000799417573944188,5.825013684357164,{'logisticregression__C': 5.825013684357164},0.5731169871794872,0.5091419616037612,0.5780984719864177,0.5509718775847807,0.6338227185001379,0.569030403370917,0.0405208833721841,51,0.6633009274310545,0.6362851394897542,0.6207977207977208,0.7085509576318401,0.7375457875457875,0.6732961065792313,0.04381032259140006,32
0.04740033149719238,0.0033829697225654263,0.0033996105194091797,0.0004893956794015645,852.6764463487576,{'logisticregression__C': 852.6764463487576},0.6008947649572649,0.501077445474729,0.5735764659788428,0.6336159360352909,0.6972360077198787,0.6012801240332013,0.06490200969681663,18,0.6979918549698361,0.6255406068417549,0.6066976478741185,0.7159133492466825,0.7197800172924551,0.6731846952449694,0.047545228385168475,33
0.043199348449707034,0.0024833612883240477,0.0034006595611572265,0.0004907789228854881,91.38756600560433,{'logisticregression__C': 91.38756600560433},0.6008947649572649,0.501077445474729,0.5619694397283531,0.6305141990625861,0.7010270195754067,0.599096573759668,0.06688241928425058,24,0.6979918549698361,0.6255406068417549,0.596163204858857,0.7156491980021391,0.7293093144369502,0.6729308358219074,0.052479613118832195,34
0.04640035629272461,0.003929878124103296,0.0033997535705566407,0.0004905443486980777,545.0440736385902,{'logisticregression__C': 545.0440736385902},0.5852697649572649,0.5142353402115711,0.5604185712420008,0.6262406947890818,0.7149159084642956,0.6002160559328429,0.06787231081364664,20,0.674407798260056,0.6373960216998191,0.5939172516828086,0.7152930402930403,0.7434220815022224,0.6728872386875893,0.05342586170181537,35
0.0448000431060791,0.0027127846317516395,0.0029997825622558594,3.9895058943465975e-07,123.88920006540833,{'logisticregression__C': 123.88920006540833},0.5852697649572649,0.501077445474729,0.5568760611205432,0.6416804521643231,0.7149159084642956,0.5999639264362313,0.07321918509104748,22,0.6745101492841095,0.6259977715673919,0.5918238205472248,0.7286706210203479,0.7434220815022224,0.6728848887842593,0.05806803508640092,36
0.046400022506713864,0.003006498521812322,0.0033998966217041017,0.000490329829699247,357.53119069190774,{'logisticregression__C': 357.53119069190774},0.5574919871794872,0.501077445474729,0.5831918505942275,0.6497449682933554,0.7010270195754067,0.5985066542234412,0.07006423764083296,29,0.6466934029507239,0.6255406068417549,0.6210042667668006,0.741419074752408,0.7293093144369502,0.6727933331497276,0.051960913094594115,37
0.04479975700378418,0.0017206896924049063,0.0031995296478271483,0.00039949434188871907,73.21012736393963,{'logisticregression__C': 73.21012736393963},0.5635683760683761,0.5091419616037612,0.5700339558573854,0.6358560794044665,0.7149159084642956,0.5987032562796569,0.0706587954781531,25,0.6492387359475967,0.6355188347193678,0.6074763099219621,0.7280070034787015,0.7434220815022224,0.6727325931139702,0.05338065538039585,38
0.04539976119995117,0.003554958480924825,0.0035996437072753906,0.00049007682138151,184.05974813799796,{'logisticregression__C': 184.05974813799796},0.5574919871794872,0.5222998563406034,0.5619694397283531,0.6439205955334988,0.705300523848911,0.5981964805261708,0.06677053633995307,31,0.6466934029507239,0.6475520384784127,0.5963066687800731,0.7405334249084249,0.7314941857636355,0.6725159441762539,0.05514102745748691,39
0.04400205612182617,0.0017889756853552991,0.003398704528808594,0.0004895551137539982,38.48910429886624,{'logisticregression__C': 38.48910429886624},0.5574919871794872,0.5222998563406034,0.5619694397283531,0.6439205955334988,0.7010270195754067,0.59734177967147,0.06540751289102324,34,0.6465466508812959,0.6475520384784127,0.596163204858857,0.7405334249084249,0.7293093144369502,0.6720209267127881,0.05473203990803695,40
0.04519948959350586,0.002785482752050042,0.0032002925872802734,0.00039994916687989557,2.0695101967161356,{'logisticregression__C': 2.0695101967161356},0.5531517094017094,0.5222998563406034,0.5912563667232598,0.5317411083540116,0.6418872346291702,0.5680672550897509,0.04387218140383176,52,0.6446138386199027,0.6505746252581694,0.6361756523046845,0.6781293059488548,0.7498619165976249,0.6718710677458473,0.04145454314257683,41
0.04459981918334961,0.0018533975580205257,0.003200817108154297,0.000399927602849445,376.48399288352294,{'logisticregression__C': 376.48399288352294},0.5852697649572649,0.49301292934569674,0.5619694397283531,0.6512958367797077,0.7010270195754067,0.5985149980772858,0.07202254095468469,28,0.6745101492841095,0.6155568687214258,0.5968780193236716,0.7412975912975913,0.7293093144369502,0.6715103886127498,0.05817345611706795,42
0.044199895858764646,0.0007482140478983176,0.0032004356384277345,0.00040023364865641835,336.8671623382661,{'logisticregression__C': 336.8671623382661},0.5635683760683761,0.49301292934569674,0.5700339558573854,0.6578094844223876,0.7010270195754067,0.5970903530538505,0.0737258777604675,35,0.6492387359475967,0.6162920342667179,0.6084100053059971,0.7538868538868538,0.7291960741265938,0.6714047407067518,0.05939733340721257,43
0.05040035247802734,0.0018544197241914826,0.0035999298095703127,0.0004895317746053959,510.511070600498,{'logisticregression__C': 510.511070600498},0.5635683760683761,0.5142353402115711,0.5619694397283531,0.6374069478908189,0.7149159084642956,0.598419202472683,0.07031587981397167,30,0.6492387359475967,0.6373960216998191,0.5968780193236716,0.7278775868939803,0.7434220815022224,0.670962489073458,0.055815515288830275,44
0.046800756454467775,0.005741198883345837,0.003199195861816406,0.000400258843202547,0.9589589518376185,{'logisticregression__C': 0.9589589518376185},0.5435363247863247,0.5222998563406034,0.724320882852292,0.5301902398676592,0.6264474772539289,0.5893589562201617,0.07705563374044685,37,0.631196219817924,0.6505746252581694,0.6612496194480298,0.676620911091631,0.7350113850113851,0.6709305521254278,0.03528635631111509,45
0.04480133056640625,0.0013274958728416203,0.003998947143554687,0.0006317325293564752,405.33246165324505,{'logisticregression__C': 405.33246165324505},0.5713808760683761,0.5142353402115711,0.5619694397283531,0.6277915632754343,0.7149159084642956,0.5980586255496061,0.06867335286921353,32,0.6610210067916694,0.6373960216998191,0.596163204858857,0.7154117487450821,0.7434220815022224,0.67068281271953,0.053002286454274274,46
0.04579944610595703,0.00132639567684316,0.0032004356384277345,0.00040035250642402915,150.90560636186984,{'logisticregression__C': 150.90560636186984},0.5852697649572649,0.5142353402115711,0.5619694397283531,0.6181761786600496,0.7133650399779432,0.5986031527070363,0.06662001209201021,26,0.6741423756353098,0.6373960216998191,0.5956860264642253,0.7028113745094877,0.7431834768646912,0.6706438550347066,0.05105502948046659,47
0.04539947509765625,0.00412812559728416,0.003400421142578125,0.0004897075270309051,0.8868694385698876,{'logisticregression__C': 0.8868694385698876},0.5435363247863247,0.5222998563406034,0.724320882852292,0.5205748552522745,0.6345119933829612,0.5890487825228912,0.07947443153720274,38,0.631196219817924,0.6505746252581694,0.6612496194480298,0.6624365139285106,0.7470416884702599,0.6704997333845787,0.03987737984549034,48
0.053401851654052736,0.005425892751907493,0.003400230407714844,0.0004897667919837617,0.7900768432139639,{'logisticregression__C': 0.7900768432139639},0.5435363247863247,0.5222998563406034,0.724320882852292,0.5205748552522745,0.6345119933829612,0.5890487825228912,0.07947443153720274,38,0.631196219817924,0.6505746252581694,0.6612496194480298,0.6624365139285106,0.7470416884702599,0.6704997333845787,0.03987737984549034,48
0.043599510192871095,0.0013566982573497827,0.0038002967834472657,0.0011666539680915168,565.6538771171039,{'logisticregression__C': 565.6538771171039},0.5574919871794872,0.501077445474729,0.5655119498498106,0.6512958367797077,0.7149159084642956,0.5980586255496061,0.07563083070578777,32,0.6466934029507239,0.6255406068417549,0.5951566951566951,0.7412975912975913,0.7434220815022224,0.6704220755497976,0.06098297012116297,50
0.04779949188232422,0.004261721439214853,0.0034001350402832033,0.0004894539926330177,3.728170751169189,{'logisticregression__C': 3.728170751169189},0.568843482905983,0.5091419616037612,0.5780984719864177,0.5317411083540116,0.6418872346291702,0.5659424518958687,0.04543087590452945,54,0.6625815113156884,0.6367791842475387,0.6207977207977208,0.6820684677827534,0.7498619165976249,0.6704177601482653,0.044949353436683034,51
0.04280014038085937,0.002993628417097311,0.0032004833221435545,0.00040009068289060764,11.709794631332183,{'logisticregression__C': 11.709794631332183},0.5791933760683761,0.5091419616037612,0.5700339558573854,0.5429073614557485,0.6338227185001379,0.5670198746970818,0.04135496313601249,53,0.6722578009039208,0.6360924417423336,0.6092010737172028,0.6960861960861959,0.7375457875457875,0.6702366599990881,0.044930997341951086,52
0.04499826431274414,0.0017916308812541601,0.0039999961853027345,0.000632937762199279,895.757207235046,{'logisticregression__C': 895.757207235046},0.5713808760683761,0.501077445474729,0.5442895389839363,0.6512958367797077,0.7149159084642956,0.5965919211542089,0.07679483758306982,36,0.6610210067916694,0.6255406068417549,0.5704053952486143,0.7412975912975913,0.7434220815022224,0.6683373363363705,0.06698756836799644,53
0.044400358200073244,0.0004899603687164427,0.003200054168701172,0.0004004241562059707,6.564318945363618,{'logisticregression__C': 6.564318945363618},0.5731169871794872,0.5091419616037612,0.5700339558573854,0.5413564929693961,0.6338227185001379,0.5654944232220336,0.04124489394037706,55,0.6633009274310545,0.6360924417423336,0.6092010737172028,0.6954080707926861,0.7375457875457875,0.6683096602458128,0.044910637384891185,54
0.043000316619873045,0.0012645934014669665,0.003599119186401367,0.0007999309852605327,0.9423003969915811,{'logisticregression__C': 0.9423003969915811},0.5435363247863247,0.5222998563406034,0.724320882852292,0.5205748552522745,0.6264474772539289,0.5874358792970847,0.07861256627614531,40,0.631196219817924,0.6505746252581694,0.6612496194480298,0.6633247072948036,0.7350113850113851,0.6682713113660624,0.035258319846291006,55
0.04580025672912598,0.0018327934818293294,0.003400278091430664,0.0004899210097453709,2.011160408766648,{'logisticregression__C': 2.011160408766648},0.5357238247863247,0.5222998563406034,0.5912563667232598,0.5317411083540116,0.6418872346291702,0.5645816781666738,0.04557788773921123,56,0.6211585030269675,0.6505746252581694,0.6361756523046845,0.6781293059488548,0.7498619165976249,0.6671800006272604,0.045411832957910216,56
0.044000434875488284,0.0025297519001067845,0.0035995006561279296,0.0004897653295976656,2.0534881795684004,{'logisticregression__C': 2.0534881795684004},0.5435363247863247,0.5222998563406034,0.5912563667232598,0.522125723738627,0.6418872346291702,0.564221101243597,0.04630379123400485,57,0.631196219817924,0.6505746252581694,0.6361756523046845,0.6645651633868445,0.7498619165976249,0.6664747154730495,0.04329547332913899,57
0.04380111694335938,0.003059392715625132,0.003399372100830078,0.0004903690955785912,0.3751848558634359,{'logisticregression__C': 0.3751848558634359},0.5574252136752136,0.48282617213007706,0.6073853989813243,0.4970705817480011,0.601392335263303,0.5492199403595838,0.05157556386538906,58,0.6469908949589163,0.6125059079441959,0.660606882829105,0.63535078317687,0.7068313119867948,0.6524571561791764,0.031437484342150886,58
0.039200115203857425,0.0034277114278248194,0.0033997535705566407,0.0004899619001300105,0.29286163912179636,{'logisticregression__C': 0.29286163912179636},0.5574252136752136,0.48282617213007706,0.5977700143659397,0.5051350978770334,0.601392335263303,0.5489097666623134,0.047953143262999556,59,0.6481012658227848,0.6125059079441959,0.6460287679799875,0.6464560300176739,0.7068313119867948,0.6519846567502874,0.03048883811369446,59
0.036399555206298825,0.0008005144910241582,0.004001188278198242,0.0006315049824400712,0.2525455002358625,{'logisticregression__C': 0.2525455002358625},0.5574252136752136,0.4908906882591093,0.5977700143659397,0.5131996140060656,0.5122346291701131,0.5343040318952883,0.03841794730234101,60,0.6481012658227848,0.6231877161257574,0.6460287679799875,0.6581946158416746,0.6795268813106048,0.6510078494161619,0.018287613776982195,60
0.03599977493286133,0.0022802065873822413,0.0036001205444335938,0.0008007885316600916,0.19735028763187837,{'logisticregression__C': 0.19735028763187837},0.5513488247863247,0.4908906882591093,0.5891341256366723,0.5131996140060656,0.49834574028122414,0.5285837985938793,0.0367596855133243,61,0.6433030837132744,0.6231877161257574,0.6422127255460588,0.6581946158416746,0.6624455502080104,0.645868738286955,0.013864311954004541,61
0.032399749755859374,0.0013568388274124016,0.0034003257751464844,0.0004890063748416951,0.16863481121300802,{'logisticregression__C': 0.16863481121300802},0.5513488247863247,0.4908906882591093,0.5891341256366723,0.4993107251171767,0.49834574028122414,0.5258060208161014,0.03830935093060034,64,0.6432522518947661,0.6244618408430769,0.6422127255460588,0.6448288553551711,0.6624455502080104,0.6434402447694166,0.01204036406865717,62
0.03360052108764648,0.001959809963408714,0.0033997058868408202,0.0004897070162950891,0.20377671105070438,{'logisticregression__C': 0.20377671105070438},0.5513488247863247,0.4908906882591093,0.5795187410212876,0.5131996140060656,0.49834574028122414,0.5266607216708022,0.03366276140195981,62,0.6433030837132744,0.6231877161257574,0.627756999540835,0.6581946158416746,0.6624455502080104,0.6429775930859103,0.015709683498837643,63
0.03539872169494629,0.0028710005626,0.004200601577758789,0.0011666864856760694,0.20209205751195802,{'logisticregression__C': 0.20209205751195802},0.5513488247863247,0.4908906882591093,0.5795187410212876,0.5131996140060656,0.49834574028122414,0.5266607216708022,0.03366276140195981,62,0.6433030837132744,0.6231877161257574,0.627756999540835,0.6581946158416746,0.6624455502080104,0.6429775930859103,0.015709683498837643,63
0.03239908218383789,0.002154241942703937,0.003000497817993164,5.001110306597479e-07,0.16571597276401365,{'logisticregression__C': 0.16571597276401365},0.46801549145299143,0.4908906882591093,0.5891341256366723,0.48542183622828783,0.49834574028122414,0.5063615763716571,0.04257650024346854,65,0.6230758038702168,0.6244618408430769,0.6422127255460588,0.6309731934731935,0.6624455502080104,0.6366338227881114,0.014569757541365911,65
0.02959914207458496,0.001020843714503229,0.0034014701843261717,0.0004900183920237151,0.11531680843217926,{'logisticregression__C': 0.11531680843217926},0.4498530982905983,0.46457489878542507,0.5759762308998302,0.4356906534325889,0.46677695064791835,0.47857436641127216,0.049972415190074046,66,0.6081786348535344,0.5986704195564955,0.6257984850745032,0.5734646934426791,0.6197976996492373,0.60518198651529,0.01841752517919677,66
0.0295989990234375,0.0029399145834645597,0.0032010555267333986,0.00039944752625531476,0.11773050252007132,{'logisticregression__C': 0.11773050252007132},0.4498530982905983,0.46457489878542507,0.5759762308998302,0.4356906534325889,0.46677695064791835,0.47857436641127216,0.049972415190074046,66,0.6081786348535344,0.5986704195564955,0.6257984850745032,0.5734646934426791,0.6197976996492373,0.60518198651529,0.01841752517919677,66
0.02900042533874512,0.0036339277749292153,0.0033998012542724608,0.0007996798183619356,0.1048057450361974,{'logisticregression__C': 0.1048057450361974},0.4498530982905983,0.4565103826563928,0.5759762308998302,0.4356906534325889,0.46677695064791835,0.47696146318546573,0.05052531721997413,68,0.6081786348535344,0.5881458338119414,0.6257984850745032,0.5734646934426791,0.6197976996492373,0.6030770693663792,0.019604605490984944,68
0.025599288940429687,0.0014953949876446789,0.0036005020141601563,0.0004900963210294096,0.0750904771583532,{'logisticregression__C': 0.0750904771583532},0.43596420940170943,0.4221300770536764,0.5708828522920204,0.4356906534325889,0.44327267714364493,0.461588093864728,0.055072669584683626,69,0.5900042363547015,0.5455419782802075,0.6194929302078166,0.5737318840579709,0.5883801383801384,0.583430233456167,0.02407411485889294,69
0.024200057983398436,0.0023148020363075723,0.003600025177001953,0.0008010985963895981,0.032099234156705535,{'logisticregression__C': 0.032099234156705535},0.42207532051282054,0.38265639284315006,0.5314091680814941,0.425592776399228,0.4389991728701406,0.4401465661413667,0.04934304766527015,70,0.5609048682764245,0.49359541696682785,0.557811102754923,0.5624639024324722,0.5784918391301369,0.5506534259121569,0.029415660452454723,70
0.024399757385253906,0.0034987973257030306,0.0035997867584228516,0.0007998469192278828,0.02946205841873604,{'logisticregression__C': 0.02946205841873604},0.4124599358974359,0.38265639284315006,0.5314091680814941,0.425592776399228,0.43093465674110837,0.43661058599248326,0.05026865489665648,71,0.5483543945891824,0.49359541696682785,0.557811102754923,0.5624639024324722,0.5671976952097433,0.5458845023906298,0.026876090906498444,71
0.024399852752685545,0.0027270786014893314,0.003000020980834961,5.43678009557313e-07,0.042686634292079965,{'logisticregression__C': 0.042686634292079965},0.42207532051282054,0.38265639284315006,0.5314091680814941,0.41752826027019574,0.42938378825475604,0.43661058599248326,0.050050897749311644,71,0.5612362321223081,0.49359541696682785,0.5560569921035037,0.5514151131691349,0.5648773132807327,0.5454362135285014,0.026319625049539226,72
0.026398992538452147,0.003382391794102044,0.0036001682281494142,0.0004900184616252841,0.04680247908722853,{'logisticregression__C': 0.04680247908722853},0.40818643162393164,0.38265639284315006,0.5314091680814941,0.4218017645437,0.42938378825475604,0.43468750906940634,0.05090932203444343,73,0.54249547920434,0.49261434057337916,0.5560569921035037,0.5566132121316066,0.5648773132807327,0.5425314674587124,0.025970340879903187,73
0.02199997901916504,0.0017883782773919195,0.0035999298095703127,0.0004896289092330497,0.023658040408548478,{'logisticregression__C': 0.023658040408548478},0.40284455128205127,0.36949849810630797,0.5314091680814941,0.4117038875103391,0.4074303832368349,0.4245772976434054,0.05545949211140627,74,0.5354718662368633,0.47338848514734794,0.557811102754923,0.5421684879485391,0.5346355700248521,0.5286951024225051,0.028876665979442086,74
0.02399749755859375,0.003462791227499856,0.003799629211425781,0.0003996883477290594,0.01679000068104958,{'logisticregression__C': 0.01679000068104958},0.38895566239316237,0.34318270863262373,0.5050933786078099,0.39626413013509787,0.3796526054590571,0.4026296970455502,0.054384183131125564,75,0.5128733676889978,0.42701208166260457,0.5079606440071556,0.5193334658450938,0.4847978108847674,0.4903954740177238,0.0337638461394691,75
0.019598674774169923,0.0010205158684530341,0.0027999401092529295,0.0007483795880628684,0.01713175576299231,{'logisticregression__C': 0.01713175576299231},0.38895566239316237,0.34318270863262373,0.5050933786078099,0.39626413013509787,0.3796526054590571,0.4026296970455502,0.054384183131125564,75,0.5128733676889978,0.42701208166260457,0.5079606440071556,0.5193334658450938,0.4847978108847674,0.4903954740177238,0.0337638461394691,75
0.021199750900268554,0.002482477405116856,0.003600454330444336,0.0004895707933213093,0.013862901905494145,{'logisticregression__C': 0.013862901905494145},0.3750667735042735,0.34318270863262373,0.5050933786078099,0.39626413013509787,0.3796526054590571,0.3998519192677724,0.05535765919500751,77,0.4898067954696868,0.42701208166260457,0.5079606440071556,0.5193334658450938,0.4847978108847674,0.4857821595738616,0.03190192476448653,77
0.019599294662475585,0.0020588610444343277,0.003400230407714844,0.000489959811837595,0.013638510040717425,{'logisticregression__C': 0.013638510040717425},0.3750667735042735,0.34318270863262373,0.5050933786078099,0.39626413013509787,0.3796526054590571,0.3998519192677724,0.05535765919500751,77,0.4898067954696868,0.42701208166260457,0.5079606440071556,0.5193334658450938,0.4847978108847674,0.4857821595738616,0.03190192476448653,77
0.0198000431060791,0.0013256985355101782,0.0035998344421386717,0.0004892591931456608,0.016128334223945287,{'logisticregression__C': 0.016128334223945287},0.3750667735042735,0.34318270863262373,0.5050933786078099,0.39626413013509787,0.3796526054590571,0.3998519192677724,0.05535765919500751,77,0.48828805547970455,0.42701208166260457,0.5079606440071556,0.5193334658450938,0.4847978108847674,0.48547841157586513,0.031869372520839864,79
0.019599771499633788,0.0013560866885032454,0.003400373458862305,0.0008001092701582064,0.015102744271253783,{'logisticregression__C': 0.015102744271253783},0.3750667735042735,0.34318270863262373,0.5050933786078099,0.39626413013509787,0.3796526054590571,0.3998519192677724,0.05535765919500751,77,0.48828805547970455,0.42701208166260457,0.5079606440071556,0.5193334658450938,0.4847978108847674,0.48547841157586513,0.031869372520839864,79
0.0201998233795166,0.0015996039848210804,0.0032002925872802734,0.0003998283694452242,0.01105056345384686,{'logisticregression__C': 0.01105056345384686},0.3654513888888889,0.34318270863262373,0.36693548387096775,0.382375241246209,0.3796526054590571,0.3675194856195493,0.013891024933531382,81,0.47663262786513944,0.42701208166260457,0.4635960342579305,0.4946565533139301,0.48195608332393874,0.4687706760847087,0.023135691111067808,81
0.019199132919311523,0.0011660977877913218,0.0038002490997314452,0.0007484175526122537,0.010495508697561353,{'logisticregression__C': 0.010495508697561353},0.3654513888888889,0.3335673240172391,0.36693548387096775,0.382375241246209,0.3796526054590571,0.36559640869647236,0.017359621583534792,82,0.47663262786513944,0.4121201429012481,0.4635960342579305,0.4946565533139301,0.48195608332393874,0.46579228833243735,0.028626734881155743,82
0.021199750900268554,0.001938552730146986,0.0033997058868408202,0.0004901935525191126,0.008202368973238266,{'logisticregression__C': 0.008202368973238266},0.3654513888888889,0.320409429280397,0.36693548387096775,0.382375241246209,0.3796526054590571,0.36296482974910393,0.022307653898139063,83,0.47834911541951464,0.3851793248945148,0.4635960342579305,0.4946565533139301,0.48195608332393874,0.46074742224196574,0.039059206353415706,83
0.01920003890991211,0.0007488510310249928,0.003000164031982422,9.12243197904062e-07,0.008796822074600204,{'logisticregression__C': 0.008796822074600204},0.3654513888888889,0.320409429280397,0.36693548387096775,0.382375241246209,0.3796526054590571,0.36296482974910393,0.022307653898139063,83,0.47834911541951464,0.3851793248945148,0.4635960342579305,0.4946565533139301,0.48195608332393874,0.46074742224196574,0.039059206353415706,83
0.018999767303466798,0.0006323345519592226,0.0030002593994140625,1.0446978712180444e-06,0.009223211812817142,{'logisticregression__C': 0.009223211812817142},0.3654513888888889,0.320409429280397,0.36693548387096775,0.382375241246209,0.3796526054590571,0.36296482974910393,0.022307653898139063,83,0.47834911541951464,0.3840626574153816,0.4635960342579305,0.4946565533139301,0.48195608332393874,0.4605240887461391,0.03949145334204973,85
0.018399620056152345,0.0010194497042127543,0.0036006450653076174,0.0007999780969209694,0.006402466667907735,{'logisticregression__C': 0.006402466667907735},0.3515625,0.320409429280397,0.36693548387096775,0.382375241246209,0.3796526054590571,0.36018705197132617,0.022686590808818616,91,0.4516192339224047,0.3851793248945148,0.465546530763922,0.4946565533139301,0.48195608332393874,0.45579154524374205,0.03819352168144422,86
0.0187990665435791,0.0009793297064328058,0.0033993244171142576,0.0004902130057793287,0.00698678327060683,{'logisticregression__C': 0.00698678327060683},0.3515625,0.320409429280397,0.36693548387096775,0.382375241246209,0.3796526054590571,0.36018705197132617,0.022686590808818616,91,0.4516192339224047,0.3851793248945148,0.4635960342579305,0.4946565533139301,0.48195608332393874,0.4554014459425438,0.0381017451335354,87
0.01940021514892578,0.0010193753079413802,0.0032001495361328124,0.0004000202409243861,0.007132935604794899,{'logisticregression__C': 0.007132935604794899},0.3515625,0.320409429280397,0.36693548387096775,0.382375241246209,0.3796526054590571,0.36018705197132617,0.022686590808818616,91,0.4516192339224047,0.3851793248945148,0.4635960342579305,0.4946565533139301,0.48195608332393874,0.4554014459425438,0.0381017451335354,87
0.018199968338012695,0.0015999317346832717,0.0030000686645507814,4.6231077741778654e-07,0.0023433790717446897,{'logisticregression__C': 0.0023433790717446897},0.3611778846153846,0.3284739454094293,0.35732009925558317,0.3588709677419355,0.3957816377171216,0.3603249069478909,0.02137069903933832,86,0.46480212137889637,0.3979307270446511,0.44880443894455313,0.45421245421245426,0.5044698890852738,0.4540439261331657,0.03416046909588058,89
0.019199609756469727,0.0014697108121109982,0.0035999298095703127,0.0004905050134090628,0.002300305395526384,{'logisticregression__C': 0.002300305395526384},0.3611778846153846,0.3284739454094293,0.35732009925558317,0.3588709677419355,0.3957816377171216,0.3603249069478909,0.02137069903933832,86,0.46480212137889637,0.3979307270446511,0.44880443894455313,0.45421245421245426,0.5044698890852738,0.4540439261331657,0.03416046909588058,89
0.018400144577026368,0.001497433953973177,0.003399515151977539,0.0004900579983587442,0.00310856704510865,{'logisticregression__C': 0.00310856704510865},0.3515625,0.3284739454094293,0.36693548387096775,0.3588709677419355,0.3957816377171216,0.3603249069478909,0.021882673281650247,86,0.4516192339224047,0.39614406722049245,0.46275946275946284,0.45421245421245426,0.5044698890852738,0.4538410214400176,0.03457407601917107,91
0.017999744415283202,0.0006324856681858665,0.0034001350402832033,0.0007997517224116605,0.003018410082530198,{'logisticregression__C': 0.003018410082530198},0.3515625,0.3284739454094293,0.36693548387096775,0.3588709677419355,0.3957816377171216,0.3603249069478909,0.021882673281650247,86,0.4516192339224047,0.39614406722049245,0.46275946275946284,0.45421245421245426,0.5044698890852738,0.4538410214400176,0.03457407601917107,91
0.01859936714172363,0.001959960956473551,0.0032005786895751955,0.0004001619420355638,0.0029356169334471545,{'logisticregression__C': 0.0029356169334471545},0.3515625,0.3284739454094293,0.36693548387096775,0.3588709677419355,0.3957816377171216,0.3603249069478909,0.021882673281650247,86,0.4516192339224047,0.39614406722049245,0.46275946275946284,0.45421245421245426,0.5044698890852738,0.4538410214400176,0.03457407601917107,91
0.0198000431060791,0.006112059704901301,0.003200531005859375,0.0003999486552237759,0.0040000793716156325,{'logisticregression__C': 0.0040000793716156325},0.3515625,0.320409429280397,0.36693548387096775,0.3684863523573201,0.38771712158808935,0.3590221774193548,0.022459661409485954,94,0.4516192339224047,0.38653268954717473,0.46275946275946284,0.4676116771667833,0.4931623931623932,0.45233709131164374,0.03560724275104178,94
0.01699972152709961,0.0008925510606531994,0.003200340270996094,0.000399566560963162,0.004046173396976438,{'logisticregression__C': 0.004046173396976438},0.3515625,0.320409429280397,0.36693548387096775,0.3684863523573201,0.38771712158808935,0.3590221774193548,0.022459661409485954,94,0.4516192339224047,0.38653268954717473,0.46275946275946284,0.4676116771667833,0.4931623931623932,0.45233709131164374,0.03560724275104178,94
0.018400001525878906,0.0014977592177980125,0.0033998489379882812,0.0004903687246355388,0.004255095457697121,{'logisticregression__C': 0.004255095457697121},0.3515625,0.320409429280397,0.36693548387096775,0.3684863523573201,0.38771712158808935,0.3590221774193548,0.022459661409485954,94,0.4516192339224047,0.38653268954717473,0.46275946275946284,0.4676116771667833,0.4931623931623932,0.45233709131164374,0.03560724275104178,94
0.019201087951660156,0.0040204370456283865,0.003200054168701172,0.00039982808510602566,0.0013245999205607926,{'logisticregression__C': 0.0013245999205607926},0.3533653846153846,0.3284739454094293,0.35732009925558317,0.3588709677419355,0.3957816377171216,0.35876240694789086,0.02153617531547925,97,0.4540517148112085,0.3979307270446511,0.44880443894455313,0.45421245421245426,0.5044698890852738,0.45189384481962813,0.03375154897689049,97
0.019199228286743163,0.0021358955261216775,0.003200531005859375,0.00039982950679999654,0.0014319643307939575,{'logisticregression__C': 0.0014319643307939575},0.3533653846153846,0.3284739454094293,0.35732009925558317,0.3588709677419355,0.3957816377171216,0.35876240694789086,0.02153617531547925,97,0.4540517148112085,0.3979307270446511,0.44880443894455313,0.45421245421245426,0.5044698890852738,0.45189384481962813,0.03375154897689049,97
0.0171994686126709,0.0011648795017210774,0.003600883483886719,0.0004898253952539019,0.001750943033713387,{'logisticregression__C': 0.001750943033713387},0.3533653846153846,0.3284739454094293,0.35732009925558317,0.3588709677419355,0.3957816377171216,0.35876240694789086,0.02153617531547925,97,0.4540517148112085,0.3979307270446511,0.44880443894455313,0.45421245421245426,0.5044698890852738,0.45189384481962813,0.03375154897689049,97
0.01719951629638672,0.0011655255561180604,0.003200197219848633,0.00039999594085434603,0.0012838899927022905,{'logisticregression__C': 0.0012838899927022905},0.3533653846153846,0.3284739454094293,0.35732009925558317,0.3588709677419355,0.3957816377171216,0.35876240694789086,0.02153617531547925,97,0.4540517148112085,0.3979307270446511,0.44880443894455313,0.45421245421245426,0.501994301994302,0.4513987274014338,0.03298613334083394,100
